date,brent_price,gas_price,gold_price,cci,month_index,year,month,brent_change_percent,gas_change_percent,gold_change_percent,cci_change_percent,brent_prediction,gas_prediction,gold_prediction,brent_gap,brent_gap_percent,gas_gap,gas_gap_percent,gold_gap,gold_gap_percent,global_shock_index,brent_only_shock_index
2000-01-01,25.51,2.42,284.32,101.9894,0,2000,1,,,,,46.73684689112805,5.906225116736299,101.27249506430735,-21.22684689112805,-45.41779838202456,-3.486225116736299,-59.026282402570196,183.04750493569264,180.74750189521717,25.434473703540807,-45.41779838202456
2000-02-01,27.78,2.66,299.86,102.1832,1,2000,2,8.898471187769497,9.917355371900838,5.465672481710748,0.190019747150183,46.86576773724002,5.895969897088724,108.49533255173286,-19.08576773724002,-40.72432536312485,-3.235969897088724,-54.88443722697026,191.36466744826714,176.38055292103968,26.923930110314856,-40.72432536312485
2000-03-01,27.49,2.79,286.39,102.1799,2,2000,3,-1.0439164866810735,4.8872180451127845,-4.492096311612093,-0.0032294936936794194,46.99468858335198,5.8857146774411495,115.71817003915837,-19.50468858335198,-41.50402773444823,-3.0957146774411495,-52.597090533566785,170.67182996084162,147.4892230866486,17.796034939544526,-41.50402773444823
2000-04-01,22.76,3.04,279.69,101.9936,3,2000,4,-17.20625682066205,8.960573476702516,-2.3394671601661976,-0.18232548671509585,47.12360942946395,5.875459457793576,122.94100752658389,-24.363609429463946,-51.70149257333978,-2.8354594577935757,-48.25936555536002,156.7489924734161,127.49935568855804,9.179499186619415,-51.70149257333978
2000-05-01,27.74,3.59,275.19,101.6725,4,2000,5,21.880492091388383,18.092105263157897,-1.6089241660409703,-0.31482367521099563,47.25253027557591,5.865204238146001,130.16384501400938,-19.51253027557591,-41.294149036631865,-2.275204238146001,-38.791560289556024,145.02615498599062,111.4181553029427,10.444148658918266,-41.294149036631865
2000-06-01,29.8,4.29,285.73,101.2825,5,2000,6,7.426099495313632,19.49860724233985,3.830081034921329,-0.3835845484275513,47.381451121687874,5.854949018498426,137.3866825014349,-17.581451121687873,-37.10618967016046,-1.5649490184984263,-26.728653205246466,148.3433174985651,107.97503425924546,14.713397127946179,-37.10618967016046
2000-07-01,28.68,3.99,281.59,100.8771,6,2000,7,-3.7583892617449655,-6.99300699300699,-1.448920309382995,-0.4002665810974304,47.51037196779984,5.844693798850852,144.60951998886043,-18.83037196779984,-39.63423393224984,-1.8546937988508514,-31.732950650306268,136.98048001113955,94.72438607201755,7.785733829820482,-39.63423393224984
2000-08-01,30.2,4.43,274.47,100.4885,7,2000,8,5.299860529986056,11.027568922305742,-2.5284988813523035,-0.3852212246386877,47.6392928139118,5.834438579203277,151.83235747628592,-17.439292813911802,-36.60695149701952,-1.4044385792032772,-24.07152907923937,122.6376425237141,80.77174362709107,6.697754350277393,-36.60695149701952
2000-09-01,33.14,5.06,273.68,100.1263,8,2000,9,9.735099337748343,14.22121896162527,-0.287827449265865,-0.3604392542430279,47.76821366002377,5.824183359555703,159.05519496371144,-14.628213660023768,-30.62332153372069,-0.7641833595557035,-13.12086712211614,114.62480503628856,72.06605547366138,9.440622272608183,-30.62332153372069
2000-10-01,30.96,5.02,270.0,99.77415,9,2000,10,-6.5781532890766385,-0.7905138339920903,-1.344636071324179,-0.35170579558018167,47.89713450613573,5.813928139908128,166.27803245113694,-16.937134506135727,-35.361477634880316,-0.7939281399081288,-13.655623544061804,103.72196754886306,62.378635361434874,4.453844727497585,-35.361477634880316
2000-11-01,32.55,5.52,266.01,99.42717,10,2000,11,5.135658914728669,9.960159362549792,-1.4777777777777779,-0.3477654282196374,48.026055352247695,5.803672920260554,173.50086993856246,-15.476055352247698,-32.22428999995602,-0.28367292026055413,-4.887817148865425,92.50913006143753,53.31911597572708,5.402336275635212,-32.22428999995602
2000-12-01,25.66,8.9,271.45,99.0845,11,2000,12,-21.16743471582181,61.231884057971044,2.0450359009059893,-0.34464422551703233,48.154976198359655,5.793417700612979,180.72370742598798,-22.494976198359655,-46.71371055339847,3.1065822993870214,53.622618977712,90.726292574012,50.201655259405996,19.036854561239842,-46.71371055339847
2001-01-01,25.62,8.17,265.49,98.75304,12,2001,1,-0.1558846453624252,-8.202247191011235,-2.1956161355682347,-0.3345225539817087,48.28389704447162,5.783162480965404,187.94654491341348,-22.66389704447162,-46.93883143607311,2.3868375190345956,41.27218501798262,77.54345508658653,41.25824985094066,11.863867810950056,-46.93883143607311
2001-02-01,27.5,5.61,261.87,98.44871,13,2001,2,7.338017174082734,-31.33414932680538,-1.363516516629626,-0.3081727914401311,48.41281789058359,5.7729072613178305,195.16938240083897,-20.91281789058359,-43.196861496160054,-0.16290726131783018,-2.8219275651527087,66.70061759916103,34.17575891190314,-3.9476767164698736,-43.196861496160054
2001-03-01,24.5,5.23,263.03,98.21423,14,2001,3,-10.909090909090914,-6.773618538324422,0.44296788482833804,-0.23817478156901162,48.54173873669555,5.762652041670256,202.3922198882645,-24.04173873669555,-49.527971931753214,-0.5326520416702554,-9.24317550007532,60.63778011173548,29.96052918694801,-9.603539414960176,-49.527971931753214
2001-04-01,25.66,5.19,260.48,98.10469,15,2001,4,4.734693877551011,-0.7648183556405397,-0.9694711629851915,-0.11153169963252774,48.67065958280752,5.752396822022681,209.61505737569001,-23.010659582807516,-47.27829821919206,-0.5623968220226807,-9.776738973736663,50.864942624310004,24.26588207026822,-10.929718374220167,-47.27829821919206
2001-05-01,28.31,4.19,272.36,98.25265,16,2001,5,10.327357755261101,-19.267822736030826,4.560810810810811,0.15081847768949608,48.79958042891948,5.742141602375106,216.83789486311554,-20.489580428919478,-41.987206137487604,-1.552141602375106,-27.03070926939694,55.52210513688448,25.605351487079425,-14.47085463993504,-41.987206137487604
2001-06-01,27.85,3.72,270.23,98.50407,17,2001,6,-1.6248675379724409,-11.217183770883054,-0.7820531649287643,0.2558913169263155,48.928501275031444,5.731886382727532,224.06073235054103,-21.078501275031442,-43.080210359494394,-2.0118863827275315,-35.09989990014719,46.16926764945899,20.6056934497686,-19.191472269957664,-43.080210359494394
2001-07-01,24.61,3.11,267.53,98.81347,18,2001,7,-11.633752244165175,-16.3978494623656,-0.9991488731821208,0.31409869663252543,49.057422121143404,5.721631163079958,231.28356983796655,-24.447422121143404,-49.83429838765771,-2.611631163079958,-45.644870992944526,36.24643016203342,15.67185692759199,-26.602437484336747,-49.83429838765771
2001-08-01,25.68,2.97,272.39,99.11714,19,2001,8,4.347826086956519,-4.501607717041789,1.8166186969685638,0.3073164012963092,49.18634296725537,5.711375943432383,238.50640732539205,-23.50634296725537,-47.790385601353115,-2.741375943432383,-47.99852033177297,33.88359267460794,14.206575435259008,-27.194110165955692,-47.790385601353115
2001-09-01,25.62,2.19,283.42,99.34904,20,2001,9,-0.2336448598130758,-26.262626262626267,4.04934101839276,0.233965588595475,49.31526381336734,5.7011207237848085,245.72924481281757,-23.695263813367337,-48.04853909540382,-3.5111207237848086,-61.58650016191689,37.69075518718245,15.33832703384292,-31.432237407825927,-48.04853909540382
2001-10-01,20.54,2.46,283.06,99.49481,21,2001,10,-19.828259172521477,12.328767123287676,-0.12701997036200785,0.1467251218532084,49.4441846594793,5.690865504137234,252.95208230024306,-28.9041846594793,-58.45820870248261,-3.230865504137234,-56.77283186166338,30.10791769975694,11.902617059313297,-34.442807834944226,-58.45820870248261
2001-11-01,18.8,2.34,276.16,99.58514,22,2001,11,-8.471275559883152,-4.878048780487809,-2.4376457288207365,0.09078865520724122,49.573105505591265,5.680610284489659,260.1749197876686,-30.773105505591264,-62.07621086421632,-3.3406102844896592,-58.80724283464512,15.985080212331411,6.143974302126046,-38.246493132245135,-62.07621086421632
2001-12-01,18.71,2.3,275.85,99.68334,23,2001,12,-0.4787234042553212,-1.7094017094017144,-0.11225376593279046,0.09860908966941029,49.702026351703225,5.670355064842085,267.39775727509414,-30.992026351703224,-62.35565957089225,-3.3703550648420855,-59.43816615187478,8.452242724905886,3.160925061989345,-39.544300220259224,-62.35565957089225
2002-01-01,19.42,2.32,281.51,99.86117,24,2002,1,3.794762159273124,0.8695652173912993,2.051839767989838,0.1783949053071554,49.83094719781519,5.660099845194511,274.6205947625196,-30.41094719781519,-61.02823427596525,-3.3400998451945108,-59.01132376719986,6.889405237480389,2.508699408883758,-39.17695287809378,-61.02823427596525
2002-02-01,20.28,2.32,295.5,100.1566,25,2002,2,4.4284243048403615,0.0,4.9696280771553525,0.2958407156655518,49.95986804392716,5.649844625546936,281.8434322499451,-29.679868043927158,-59.40741880629301,-3.329844625546936,-58.93692386672649,13.656567750054876,4.845444735410376,-37.83296597920304,-59.40741880629301
2002-03-01,23.7,3.03,294.06,100.5586,26,2002,3,16.863905325443774,30.60344827586208,-0.4873096446700531,0.4013714523056988,50.08878889003912,5.639589405899361,289.0662697373706,-26.38878889003912,-52.68402266217883,-2.6095894058993614,-46.2726843760925,4.993730262629413,1.7275382102403147,-32.40972294267701,-52.68402266217883
2002-04-01,25.73,3.43,302.68,100.9649,27,2002,4,8.565400843881864,13.201320132013205,2.9313745494116805,0.4040430157142172,50.217709736151086,5.6293341862517865,296.2891072247961,-24.487709736151086,-48.76309545937475,-2.1993341862517863,-39.06917076664411,6.390892775203895,2.1569786466551033,-28.558429193121256,-48.76309545937475
2002-05-01,25.35,3.5,314.49,101.2745,28,2002,5,-1.4768752429071053,2.0408163265306145,3.901810492929836,0.3066412188790446,50.346630582263046,5.619078966604213,303.51194471222163,-24.996630582263045,-49.64906348880728,-2.1190789666042127,-37.712211898044195,10.978055287778375,3.617009306894773,-27.914755359985566,-49.64906348880728
2002-06-01,24.08,3.26,321.18,101.4097,29,2002,6,-5.009861932938864,-6.857142857142861,2.127253648764671,0.13349856084206024,50.47555142837501,5.608823746956638,310.73478219964716,-26.395551428375015,-52.29373564314675,-2.348823746956638,-41.877296433697275,10.44521780035285,3.3614575511671547,-30.269858175225625,-52.29373564314675
2002-07-01,25.74,2.99,313.29,101.3369,30,2002,7,6.893687707641205,-8.28220858895704,-2.4565664113581076,-0.07178800450056144,50.60447227448697,5.598568527309063,317.9576196870727,-24.864472274486975,-49.13493048523062,-2.608568527309063,-46.59349107874302,-4.6676196870726585,-1.4680005755692955,-32.398807379847646,-49.13493048523062
2002-08-01,26.65,3.09,310.26,101.0767,31,2002,8,3.535353535353547,3.3444816053511683,-0.9671550320789146,-0.2567672782569752,50.73339312059894,5.588313307661489,325.1804571744982,-24.08339312059894,-47.47049554393105,-2.4983133076614887,-44.70603507924906,-14.92045717449821,-4.588362198682685,-32.254964273954265,-47.47049554393105
2002-09-01,28.4,3.55,319.14,100.6703,32,2002,9,6.566604127579745,14.886731391585762,2.862115644942942,-0.4020709025918001,50.86231396671091,5.578058088013914,332.4032946619237,-22.46231396671091,-44.16298082979937,-2.028058088013914,-36.35778000182158,-13.263294661923737,-3.9901212999147293,-28.170294043845228,-44.16298082979937
2002-10-01,27.54,4.13,316.56,100.189,33,2002,10,-3.028169014084503,16.338028169014084,-0.8084226358337943,-0.47809532702296487,50.99123481282287,5.56780286836634,339.62613214934925,-23.451234812822868,-45.99071761824748,-1.4378028683663402,-25.82352325250712,-23.066132149349244,-6.791624661910882,-26.201955177555163,-45.99071761824748
2002-11-01,24.34,4.04,319.07,99.72822,34,2002,11,-11.619462599854756,-2.1791767554479424,0.7928986606014599,-0.45991076864725366,51.120155658934834,5.557547648718765,346.8489696367747,-26.780155658934834,-52.38668645222361,-1.5175476487187654,-27.306066355879473,-27.77896963677472,-8.008952618733526,-29.233901808945536,-52.38668645222361
2002-12-01,28.33,4.74,331.92,99.35121,35,2002,12,16.392769104354965,17.32673267326732,4.027329426144743,-0.37803743012759794,51.249076505046794,5.547292429071191,354.07180712420023,-22.919076505046796,-44.72095512353246,-0.8072924290711905,-14.552909178547836,-22.151807124200218,-6.256303574158864,-21.84338929207972,-44.72095512353246
2003-01-01,31.18,5.43,356.86,99.09132,36,2003,1,10.060007059654087,14.556962025316444,7.513858761147274,-0.26158715127877485,51.37799735115876,5.537037209423616,361.29464461162576,-20.19799735115876,-39.312543097212064,-0.10703720942361628,-1.93311342104487,-4.4346446116257425,-1.2274315929572581,-14.157696037071398,-39.312543097212064
2003-02-01,32.77,7.71,358.97,98.97411,37,2003,2,5.099422706863388,41.988950276243095,0.5912682844813055,-0.11828483059868056,51.50691819727072,5.526781989776041,368.5174820990512,-18.736918197270718,-36.37747870200388,2.1832180102239587,39.50251727429596,-9.547482099051194,-2.590781323227698,0.1780857496881286,-36.37747870200388
2003-03-01,30.61,5.93,340.55,99.00783,38,2003,3,-6.591394568202635,-23.086900129701693,-5.131348023511717,0.03406951575517514,51.63583904338269,5.5165267701284675,375.74031958647674,-21.02583904338269,-40.71946816961275,0.41347322987153223,7.495173088082438,-35.19031958647673,-9.365595799036326,-14.196630293522214,-40.71946816961275
2003-04-01,25.0,5.26,328.18,99.18467,39,2003,4,-18.327344005227054,-11.298482293423273,-3.632359418587583,0.1786121360300541,51.764759889494655,5.506271550480893,382.96315707390227,-26.764759889494655,-51.70459584209605,-0.246271550480893,-4.472564569747468,-54.78315707390226,-14.305072449392433,-23.494077620411986,-51.70459584209605
2003-05-01,25.86,5.81,355.68,99.47421,40,2003,5,3.4399999999999986,10.456273764258551,8.379547809129129,0.2919201122512094,51.893680735606615,5.496016330833318,390.1859945613278,-26.033680735606616,-50.16734285672614,0.3139836691666815,5.712931881319112,-34.50599456132778,-8.843473379950924,-17.76596145178598,-50.16734285672614
2003-06-01,27.65,5.82,356.35,99.81759,41,2003,6,6.921887084300082,0.1721170395869276,0.1883715699505295,0.3451950007946847,52.02260158171858,5.485761111185743,397.4088320487533,-24.372601581718584,-46.85002449066952,0.3342388888142569,6.092844402807241,-41.05883204875329,-10.331635519292202,-17.02960520238483,-46.85002449066952
2003-07-01,28.35,5.03,351.02,100.1568,42,2003,7,2.5316455696202667,-13.573883161512024,-1.4957204995089235,0.3398298836908564,52.15152242783054,5.475505891538169,404.6316695361788,-23.80152242783054,-45.63917086172908,-0.44550589153816844,-8.136342109076205,-53.611669536178795,-13.24949913031592,-22.341670700373736,-45.63917086172908
2003-08-01,29.89,4.99,359.77,100.4572,43,2003,8,5.432098765432092,-0.7952286282306154,2.492735456669126,0.299929710214375,52.28044327394251,5.465250671890595,411.8545070236043,-22.39044327394251,-42.82756968340836,-0.47525067189059467,-8.695862283773183,-52.08450702360432,-12.64633654248665,-21.389922836556064,-42.82756968340836
2003-09-01,27.11,4.62,378.95,100.7265,44,2003,9,-9.300769488123118,-7.414829659318634,5.331183811879825,0.2680743640077532,52.40936412005448,5.45499545224302,419.0773445110298,-25.299364120054477,-48.27260270149635,-0.8349954522430201,-15.30698713781111,-40.12734451102983,-9.575164354887647,-24.384918064731703,-48.27260270149635
2003-10-01,29.61,4.63,378.92,100.96,45,2003,10,9.221689413500545,0.21645021645020357,-0.007916611690184094,0.2318158577931273,52.53828496616644,5.4447402325954455,426.30018199845534,-22.928284966166437,-43.641099021279004,-0.8147402325954456,-14.963803557016863,-47.38018199845533,-11.114276746573616,-23.239726441623162,-43.641099021279004
2003-11-01,28.75,4.47,389.91,101.1531,46,2003,11,-2.9044241810199267,-3.455723542116629,2.900348358492555,0.19126386687797758,52.667205812278404,5.434485012947871,433.52301948588087,-23.917205812278404,-45.411951219752275,-0.964485012947871,-17.74749604884268,-43.61301948588084,-10.060139260333152,-24.40652884297604,-45.411951219752275
2003-12-01,29.81,6.13,406.953,101.3276,47,2003,12,3.6869565217391154,37.136465324384794,4.37100869431406,0.17251077821640592,52.796126658390364,5.424229793300296,440.74585697330633,-22.986126658390365,-43.53752465047056,0.7057702066997038,13.011436343855335,-33.79285697330636,-7.667197873479504,-12.731095393364908,-43.53752465047056
2004-01-01,31.28,6.14,413.788,101.4609,48,2004,1,4.931231130493141,0.16313213703098572,1.679555132902344,0.1315534957898823,52.92504750450233,5.413974573652722,447.96869446073185,-21.64504750450233,-40.8975495065186,0.7260254263472774,13.410211231513774,-34.18069446073184,-7.6301524823913915,-11.705830252465406,-40.8975495065186
2004-02-01,30.86,5.37,404.878,101.5326,49,2004,2,-1.3427109974424645,-12.540716612377844,-2.1532765570775436,0.07066761678637956,53.0539683506143,5.403719354005148,455.1915319481574,-22.1939683506143,-41.832814849857165,-0.03371935400514747,-0.6240026877072223,-50.31353194815739,-11.053266244392194,-17.836694593985527,-41.832814849857165
2004-03-01,33.63,5.39,406.667,101.5667,50,2004,3,8.97602073882049,0.3724394785847185,0.44186149901945804,0.033585272119496246,53.18288919672626,5.393464134357573,462.4143694355829,-19.552889196726255,-36.76537602987139,-0.003464134357573201,-0.0642283747750521,-55.747369435582925,-12.055717365277264,-16.295107256641234,-36.76537602987139
2004-04-01,33.59,5.71,403.26,101.5838,51,2004,4,-0.11894142134998287,5.936920222634523,-0.8377861985358948,0.016836226834193724,53.311810042838225,5.383208914709998,469.6372069230084,-19.72181004283822,-36.9933229184883,0.3267910852900018,6.070562938715272,-66.37720692300843,-14.133719804250989,-15.018826594674673,-36.9933229184883
2004-05-01,37.57,6.33,383.78,101.6199,52,2004,5,11.848764513247989,10.858143607705784,-4.8306303625452625,0.03553716242157279,53.440730888950185,5.372953695062424,476.8600444104339,-15.870730888950185,-29.69781779730812,0.9570463049375757,17.81229393093544,-93.08004441043391,-19.519363281004903,-10.468295715792527,-29.69781779730812
2004-06-01,35.18,6.27,392.37,101.7211,53,2004,6,-6.361458610593562,-0.9478672985782088,2.2382615039866716,0.09958679353159194,53.56965173506215,5.36269847541485,484.0828818978594,-18.389651735062152,-34.328488499442386,0.9073015245851499,16.918749557608916,-91.7128818978594,-18.94569821149153,-12.118479051108332,-34.328488499442386
2004-07-01,38.22,5.93,398.09,101.9094,54,2004,7,8.641273450824327,-5.4226475279106845,1.4578076815250807,0.18511400289615842,53.69857258117411,5.352443255767275,491.30571938528493,-15.478572581174113,-28.824923712405457,0.5775567442327247,10.790525310294612,-93.21571938528496,-18.973058058822357,-12.335818820311067,-28.824923712405457
2004-08-01,42.74,5.41,400.51,102.1721,55,2004,8,11.82626896912613,-8.768971332209096,0.6079027355623046,0.25777798711403843,53.82749342728608,5.3421880361197,498.52855687271045,-11.087493427286077,-20.59819754056323,0.06781196388029986,1.2693668478497642,-98.01855687271046,-19.661573147902455,-12.99680128020531,-20.59819754056323
2004-09-01,43.2,5.15,405.28,102.4988,56,2004,9,1.076275152082351,-4.805914972273562,1.1909814985892941,0.31975461011373163,53.956414273398046,5.331932816472126,505.751394360136,-10.756414273398043,-19.935376392684496,-0.18193281647212523,-3.4121363253129116,-100.471394360136,-19.86576714973765,-14.40442662257835,-19.935376392684496
2004-10-01,49.78,6.35,420.46,102.8259,57,2004,10,15.23148148148148,23.300970873786397,3.745558626135015,0.319125687325128,54.085335119510006,5.321677596824552,512.9742318475614,-4.305335119510005,-7.960263368982911,1.0283224031754479,19.323275122661478,-92.51423184756146,-18.03486922030297,-2.223952488874801,-7.960263368982911
2004-11-01,43.11,6.17,439.375,103.0592,58,2004,11,-13.398955403776625,-2.8346456692913358,4.498644341911251,0.22688836178432759,54.21425596562197,5.311422377176977,520.197069334987,-11.104255965621974,-20.482169805416753,0.8585776228230229,16.164740098853844,-80.82206933498696,-15.536817506163352,-6.618082404242087,-20.482169805416753
2004-12-01,39.6,6.58,442.08,103.1273,59,2004,12,-8.14196242171189,6.645056726094012,0.6156472261735324,0.06607852574054274,54.34317681173393,5.301167157529402,527.4199068224125,-14.743176811733932,-27.129766194586075,1.2788328424705977,24.12360909340944,-85.3399068224125,-16.180638181931062,-6.395598427702566,-27.129766194586075
2005-01-01,44.51,6.15,424.03,102.9981,60,2005,1,12.398989898989887,-6.5349544072948245,-4.082971407889979,-0.12528205431540096,54.4720976578459,5.290911937881828,534.642744309838,-9.962097657845902,-18.288441396952535,0.8590880621181727,16.23705085634257,-110.61274430983804,-20.689094818377512,-7.5801617863291595,-18.288441396952535
2005-02-01,45.48,6.14,423.35,102.716,61,2005,2,2.17928555380813,-0.1626016260162677,-0.16036601183877508,-0.273888547458645,54.60101850395786,5.280656718234253,541.8655817972635,-9.121018503957863,-16.70485048423906,0.8593432817657467,16.273416880109075,-118.51558179726351,-21.871767792331486,-7.434400465487157,-16.70485048423906
2005-03-01,53.1,6.96,433.85,102.3326,62,2005,3,16.75461741424804,13.35504885993486,2.480217314278965,-0.37326219868374366,54.72993935006983,5.270401498586679,549.088419284689,-1.6299393500698258,-2.978149381171836,1.6895985014133208,32.0582502465212,-115.23841928468903,-20.98722450471874,2.697625453543541,-2.978149381171836
2005-04-01,51.88,7.16,429.233,101.9359,63,2005,4,-2.2975517890772124,2.8735632183908066,-1.0641926933271928,-0.3876575011286687,54.858860196181794,5.2601462789391045,556.3112567721146,-2.9788601961817918,-5.430043908183717,1.8998537210608957,36.117887608328424,-127.07825677211457,-22.84301373110098,2.6149433230145753,-5.430043908183717
2005-05-01,48.65,6.47,421.87,101.5586,64,2005,5,-6.225905936777187,-9.636871508379896,-1.7153853501478245,-0.37013456495700314,54.987781042293754,5.24989105929153,563.5340942595401,-6.337781042293756,-11.525798863240293,1.22010894070847,23.240652556952735,-141.6640942595401,-25.138513481723002,-4.474553262670187,-11.525798863240293
2005-06-01,54.35,7.18,430.66,101.1589,65,2005,6,11.716341212744098,10.973724884080372,2.0835802498400113,-0.39356588216064026,55.11670188840572,5.239635839643955,570.7569317469656,-0.76670188840572,-1.3910518266460397,1.9403641603560446,37.03242400311348,-140.0969317469656,-24.545813454802673,3.6985195738882566,-1.3910518266460397
2005-07-01,57.52,7.63,424.48,100.6935,66,2005,7,5.83256669733212,6.267409470752083,-1.4350067338503747,-0.46006826883250307,55.24562273451768,5.22938061999638,577.9797692343911,2.2743772654823218,4.1168461009333175,2.4006193800036195,45.906380782917296,-153.49976923439112,-26.55798306534524,7.82174793950179,4.1168461009333175
2005-08-01,63.98,9.53,437.93,100.143,67,2005,8,11.230876216967989,24.901703800786358,3.1685827365246944,-0.5467085760252677,55.37454358062965,5.219125400348807,585.2026067218166,8.605456419370348,15.540455709292003,4.310874599651193,82.5976436466364,-147.27260672181654,-25.16608863839604,24.324003572510787,15.540455709292003
2005-09-01,62.91,11.75,456.05,99.54276,68,2005,9,-1.6723976242575822,23.294858342077653,4.137647569246217,-0.5993828824780612,55.503464426741616,5.208870180701232,592.4254442092421,7.406535573258381,13.344276163218932,6.541129819298768,125.57674874550595,-136.37544420924206,-23.019849255676945,38.633725217682645,13.344276163218932
2005-10-01,58.54,13.42,469.9,98.98481,69,2005,10,-6.946431409950716,14.212765957446805,3.0369477031027214,-0.5605128891342792,55.632385272853575,5.198614961053657,599.6482816966676,2.9076147271464237,5.226478629103875,8.221385038946343,158.14568111965016,-129.74828169666762,-21.63739739727977,47.24492078382476,5.226478629103875
2005-11-01,55.24,10.3,476.67,98.58587,70,2005,11,-5.637171165015364,-23.248882265275704,1.4407320706533389,-0.4030315358487746,55.76130611896554,5.1883597414060825,606.8711191840931,-0.5213061189655406,-0.9348886445617778,5.111640258593918,98.52131527812348,-130.2011191840931,-21.45449257152685,25.377311354011614,-0.9348886445617778
2005-12-01,56.86,13.05,510.097,98.38454,71,2005,12,2.9326574945691464,26.69902912621358,7.012608303438439,-0.20421790668379014,55.8902269650775,5.178104521758508,614.0939566715186,0.9697730349224969,1.7351388383669488,7.871895478241493,152.02272270023937,-103.99695667151866,-16.935023629803776,45.60761263626751,1.7351388383669488
2006-01-01,62.99,8.69,549.864,98.32683,72,2006,1,10.78086528315161,-33.40996168582377,7.795968217809568,-0.05865758990182268,56.01914781118947,5.167849302110934,621.3167941589442,6.970852188810532,12.443695524083195,3.5221506978890655,68.15505816801503,-71.45279415894413,-11.500219345538115,23.032844782186704,12.443695524083195
2006-02-01,60.21,7.54,554.995,98.35523,73,2006,2,-4.413398952214642,-13.233601841196773,0.9331398309400107,0.028883266144141828,56.14806865730144,5.157594082463359,628.5396316463697,4.061931342698564,7.234320680717403,2.3824059175366408,46.19219503212166,-73.54463164636968,-11.700874208000224,13.908547168279613,7.234320680717403
2006-03-01,62.06,6.89,557.093,98.43644,74,2006,3,3.072579305763168,-8.62068965517242,0.3780214236164259,0.08256805459150307,56.2769895034134,5.147338862815785,635.7624691337951,5.783010496586606,10.275976998087016,1.7426611371842151,33.855574377920696,-78.66946913379513,-12.374034793368603,10.585838860879704,10.275976998087016
2006-04-01,70.26,7.16,610.65,98.52666,75,2006,4,13.213019658395098,3.918722786647333,9.61365517068067,0.09165305043539185,56.405910349525364,5.13708364316821,642.9853066212206,13.854089650474641,24.561414867034795,2.0229163568317903,39.378692218143264,-32.33530662122064,-5.028933987797828,19.637057699126743,24.561414867034795
2006-05-01,69.78,6.25,675.393,98.60896,76,2006,5,-0.6831767719897575,-12.709497206703912,10.602309014984046,0.08353069108399946,56.534831195637324,5.126828423520635,650.2081441086461,13.245168804362677,23.428333514480855,1.1231715764793648,21.907727033082054,25.18485589135389,3.873352882388019,16.403137809983644,23.428333514480855
2006-06-01,68.56,6.21,596.145,98.71476,77,2006,6,-1.748351963313266,-0.6399999999999961,-11.733612874282095,0.10729248133232172,56.66375204174929,5.116573203873061,657.4309815960717,11.896247958250711,20.99445859053893,1.0934267961269386,21.370295167461965,-61.28598159607168,-9.322040383202696,11.014237791599399,20.99445859053893
2006-07-01,73.67,6.17,633.71,98.88143,78,2006,7,7.453325554259038,-0.6441223832528209,6.301319309899456,0.1688399992057832,56.79267288786126,5.106317984225487,664.6538190834972,16.877327112138744,29.717437574145357,1.0636820157745133,20.83070461065009,-30.943819083497146,-4.655629471318787,15.297504237825555,29.717437574145357
2006-08-01,73.23,7.14,632.593,99.125,79,2006,8,-0.597258042622506,15.721231766612643,-0.17626359060138874,0.24632532114472472,56.92159373397322,5.096062764577912,671.8766565709227,16.308406266026786,28.65064942180851,2.0439372354220877,40.10816447609784,-39.283656570922744,-5.846855399235915,20.970652832890146,28.65064942180851
2006-09-01,61.96,4.9,598.19,99.44392,80,2006,9,-15.389867540625435,-31.37254901960783,-5.438409846457349,0.32173518284994707,57.05051458008518,5.085807544930337,679.0994940583482,4.909485419914823,8.605505938115753,-0.1858075449303369,-3.65345214675995,-80.90949405834817,-11.914232710560144,-2.320726306401447,8.605505938115753
2006-10-01,57.81,5.85,585.78,99.80614,81,2006,10,-6.697869593285988,19.387755102040806,-2.0745916849161827,0.36424549635614145,57.179435426197145,5.075552325282763,686.3223315457737,0.6305645738028574,1.1027820913285196,0.7744476747172371,15.258392093792317,-100.54233154577378,-14.649433207182211,0.5705803259795422,1.1027820913285196
2006-11-01,58.76,7.41,627.827,100.1633,82,2006,11,1.6433143054834787,26.666666666666682,7.177950766499364,0.3578537352511679,57.30835627230911,5.065297105635189,693.5451690331993,1.451643727690886,2.533040244241497,2.3447028943648114,46.28954324823925,-65.71816903319927,-9.475686944054457,13.115632182808762,2.533040244241497
2006-12-01,62.47,6.73,629.791,100.4418,83,2006,12,6.313818924438386,-9.176788124156543,0.3128250298251034,0.2780459509620803,57.43727711842107,5.055041885987614,700.7680065206248,5.032722881578927,8.76211953989868,1.6749581140123864,33.134406238162086,-70.97700652062474,-10.12845989830955,10.589355293250405,8.76211953989868
2007-01-01,53.68,6.55,631.17,100.6347,84,2007,1,-14.070753961901715,-2.6745913818722267,0.21896152850706674,0.19205151640053764,57.56619796453304,5.044786666340039,707.9908440080502,-3.8861979645330393,-6.750833131149907,1.5052133336599605,29.83700666081849,-76.82084400805024,-10.850542017345179,4.078543837441134,-6.750833131149907
2007-02-01,57.56,8.0,664.75,100.7823,85,2007,2,7.2280178837556,22.137404580152676,5.320278213476559,0.14666909127767358,57.695118810645,5.034531446692465,715.2136814954757,-0.13511881064499676,-0.2341945270768153,2.9654685533075353,58.90257285523083,-50.463681495475726,-7.055748904293709,17.204209807953436,-0.2341945270768153
2007-03-01,62.05,7.11,654.895,100.9291,86,2007,3,7.800555941626119,-11.124999999999996,-1.4825122226400977,0.14566049792472668,57.824039656756966,5.02427622704489,722.4365189829012,4.225960343243031,7.308310467978885,2.0857237729551104,41.512920044642186,-67.54151898290127,-9.349128568139266,13.157367314827269,7.308310467978885
2007-04-01,67.49,7.6,679.368,101.0987,87,2007,4,8.767123287671218,6.891701828410679,3.736934928500002,0.16803875195556817,57.95296050286893,5.014021007397316,729.6593564703268,9.537039497131062,16.45651820782984,2.5859789926026835,51.574953291729756,-50.29135647032672,-6.892443168769526,20.379676110263357,16.45651820782984
2007-05-01,67.21,7.64,667.31,101.2628,88,2007,5,-0.41487627796711335,0.5263157894736858,-1.774884893018236,0.1623166272167742,58.08188134898089,5.0037657877497415,736.8821939577523,9.1281186510191,15.715948655611623,2.6362342122502582,52.68500413637079,-69.57219395775235,-9.441426937470704,19.65317528483724,15.715948655611623
2007-06-01,71.05,7.35,655.66,101.384,89,2007,6,5.713435500669539,-3.79581151832461,-1.7458152882468436,0.1196885727039021,58.21080219509286,4.993510568102167,744.1050314451778,12.839197804907137,22.056383558977092,2.356489431897833,47.191037242431236,-88.44503144517785,-11.886095068246298,19.12044191105401,22.056383558977092
2007-07-01,76.93,6.22,665.38,101.4421,90,2007,7,8.275862068965534,-15.374149659863946,1.4824756733673006,0.05730687287934799,58.33972304120482,4.983255348454592,751.3278689326033,18.590276958795187,31.865555730638356,1.2367446515454077,24.818006806112137,-85.94786893260334,-11.439462382076654,15.081366718224613,31.865555730638356
2007-08-01,70.76,6.22,665.411,101.4328,91,2007,8,-8.020278174964258,0.0,0.004658991854267214,-0.009167791281916582,58.46864388731679,4.973000128807017,758.5507064200289,12.291356112683218,21.02213305369564,1.2469998711929824,25.075403959262065,-93.13970642002892,-12.278639467571082,11.272965848462206,21.02213305369564
2007-09-01,77.17,6.08,712.65,101.3761,92,2007,9,9.058790276992656,-2.2508038585209,7.0992213834757845,-0.05589907801027971,58.597564733428754,4.9627449091594436,765.7735439074544,18.572435266571247,31.694892699143246,1.1172550908405565,22.512845437179436,-53.123543907454405,-6.937239387559009,15.756832916254558,31.694892699143246
2007-10-01,82.34,6.74,754.604,101.2642,93,2007,10,6.699494622262536,10.855263157894735,5.887041324633424,-0.11038104642020485,58.726485579540714,4.952489689511869,772.9963813948799,23.61351442045929,40.20930962823668,1.7875103104881314,36.093165711654684,-18.392381394879862,-2.3793619009820746,24.641037812969767,40.20930962823668
2007-11-01,92.41,7.1,806.248,101.0832,94,2007,11,12.229778965265957,5.3412462908011715,6.843854525022386,-0.1787403643143337,58.85540642565268,4.942234469864294,780.2192188823053,33.554593574347315,57.011913793738124,2.1577655301357055,43.65971592996789,26.028781117694734,3.336085613858883,34.669238445854965,57.011913793738124
2007-12-01,90.93,7.11,803.2,100.821,95,2007,12,-1.601558272914172,0.14084507042253502,-0.378047449420027,-0.25939028443896506,58.98432727176464,4.9319792502167195,787.4420563697308,31.945672728235365,54.15959493959935,2.178020749783281,44.16119045285065,15.75794363026921,2.0011559584354126,33.440647116961806,54.15959493959935
2008-01-01,92.18,7.99,889.595,100.4662,96,2008,1,1.374683822720768,12.376933895921226,10.756349601593618,-0.3519108122315706,59.11324811787661,4.921724030569145,794.6648938571564,33.0667518821234,55.93797149529935,3.0682759694308555,62.34148746198681,94.93010614284367,11.945929268634291,43.40846274197349,55.93797149529935
2008-02-01,94.99,8.54,922.3,100.0105,97,2008,2,3.0483835973095896,6.883604505632035,3.676392066052525,-0.4535853849354399,59.242168963988576,4.911468810921571,801.8877313445819,35.74783103601142,60.341867391353254,3.628531189078428,73.87873829127672,120.41226865541807,15.016100627143192,49.7455687699244,60.341867391353254
2008-03-01,103.64,9.41,968.43,99.44715,98,2008,3,9.10622170754818,10.187353629976602,5.001626368860457,-0.5632908544602855,59.371089810100536,4.901213591273996,809.1105688320074,44.268910189899465,74.56307494353624,4.508786408726004,91.99326503038634,159.31943116799255,19.69068719470298,62.08234238954185,74.56307494353624
2008-04-01,109.07,10.18,909.71,98.82622,99,2008,4,5.2392898494789675,8.182784272051013,-6.063422240120597,-0.6243818953082014,59.500010656212496,4.8909583716264216,816.3334063194329,49.5699893437875,83.31089153949893,5.289041628373578,108.13916673379454,93.37659368056711,11.438536382036615,67.62953155177668,83.31089153949893
2008-05-01,122.8,11.27,888.663,98.2046,100,2008,5,12.588246080498777,10.707269155206278,-2.313594442184874,-0.6290031127366924,59.62893150232446,4.880703151978847,823.5562438068584,63.171068497675535,105.94029929114694,6.389296848021153,130.90935156403964,65.10675619314156,7.905562817687834,81.58507122429147,105.94029929114694
2008-06-01,132.32,12.69,889.49,97.63243,101,2008,6,7.75244299674267,12.599822537710725,0.09306114916454167,-0.5826305488744965,59.75785234843643,4.870447932331272,830.779081294284,72.56214765156356,121.42696700086839,7.819552067668727,160.55098373520335,58.71091870571604,7.066971235511776,96.34830732386119,121.42696700086839
2008-07-01,132.72,11.09,939.77,97.16253,102,2008,7,0.30229746070133956,-12.608353033884946,5.652677376923854,-0.48129499593525527,59.88677319454839,4.860192712683698,838.0019187817095,72.8332268054516,121.61821871558402,6.2298072873163015,128.1802524220553,101.76808121829049,12.144134629935136,87.31420192252482,121.61821871558402
2008-08-01,113.24,8.26,839.03,96.80969,103,2008,8,-14.67751657625076,-25.518485121731295,-10.71964416825394,-0.3631441050371942,60.01569404066036,4.849937493036124,845.224756269135,53.22430595933964,88.68397976582662,3.410062506963876,70.31147333053839,-6.194756269135041,-0.7329123080207696,52.75418026278141,88.68397976582662
2008-09-01,97.23,7.67,829.93,96.55627,104,2008,9,-14.138113740727654,-7.14285714285714,-1.0845857716649032,-0.261771316487025,60.14461488677232,4.839682273388549,852.4475937565604,37.08538511322769,61.66035842617711,2.830317726611451,58.48147805433883,-22.517593756560473,-2.6415223553309697,39.16677137506166,61.66035842617711
2008-10-01,71.58,6.74,806.62,96.42978,105,2008,10,-26.380746683122503,-12.125162972620595,-2.8086706107743997,-0.1310013321765724,60.273535732884284,4.829427053740974,859.670431243986,11.306464267115715,18.758588043055667,1.910572946259026,39.56106852838903,-53.05043124398594,-6.171019650777022,17.382878973555894,18.758588043055667
2008-11-01,52.45,6.68,760.86,96.46437,106,2008,11,-26.725342274378317,-0.8902077151335397,-5.673055466018695,0.03587066153216689,60.40245657899625,4.8191718340933996,866.8932687314115,-7.952456578996248,-13.165783362793817,1.8608281659066002,38.61302792197834,-106.03326873141145,-12.231409858168321,4.405278233672068,-13.165783362793817
2008-12-01,39.95,5.82,816.09,96.63101,107,2008,12,-23.83222116301239,-12.874251497005984,7.2588912546329265,0.17274772022042306,60.53137742510821,4.808916614445826,874.116106218837,-20.581377425108208,-34.00117145950014,1.0110833855541745,21.02518023533437,-58.02610621883696,-6.638260730584227,-6.538083984916665,-34.00117145950014
2009-01-01,43.44,5.24,858.69,96.89746,108,2009,1,8.735919899874833,-9.965635738831613,5.2200124986214735,0.2757396409289292,60.66029827122018,4.798661394798251,881.3389437062625,-17.22029827122018,-28.38808703878435,0.44133860520174917,9.197119131601163,-22.648943706262457,-2.5698335320367987,-7.253600479739995,-28.38808703878435
2009-02-01,43.32,4.52,943.0,97.25518,109,2009,2,-0.2762430939226457,-13.740458015267187,9.818444374570557,0.36917376368792443,60.78921911733214,4.788406175150676,888.561781193688,-17.469219117332138,-28.73736391252859,-0.2684061751506768,-5.605334329062652,54.438218806311966,6.1265541640987555,-9.405381359164162,-28.73736391252859
2009-03-01,46.54,3.96,924.273,97.70937,110,2009,3,7.433056325023091,-12.389380530973447,-1.9858960763520672,0.46700854391510394,60.918139963444105,4.778150955503102,895.7846186811136,-14.378139963444106,-23.602394905806666,-0.8181509555031017,-17.122752360111587,28.488381318886468,3.180271320223229,-12.514958648565008,-23.602394905806666
2009-04-01,50.18,3.5,890.2,98.23094,111,2009,4,7.8212290502793325,-11.616161616161612,-3.686464929733957,0.5337973215874703,61.04706080955607,4.767895735855527,903.0074561685391,-10.867060809556072,-17.801120423237453,-1.267895735855527,-26.592354491326187,-12.807456168539034,-1.4183112311033481,-15.270595381888995,-17.801120423237453
2009-05-01,57.3,3.83,928.645,98.76735,112,2009,5,14.188919888401742,9.42857142857143,4.318692428667714,0.5460703114517518,61.17598165566803,4.757640516207953,910.2302936559646,-3.875981655668035,-6.335789881532568,-0.9276405162079531,-19.497911055863526,18.41470634403538,2.023082122445323,-7.936872938316924,-6.335789881532568
2009-06-01,68.61,3.8,945.67,99.27216,113,2009,6,19.73821989528797,-0.7832898172323799,1.8333162834021532,0.511110199878817,61.30490250178,4.747385296560378,917.4531311433901,7.30509749822,11.916008671586901,-0.9473852965603786,-19.955938635248067,28.216868856609835,3.0755651595459845,-1.6547882680383939,11.916008671586901
2009-07-01,64.44,3.38,934.23,99.70781,114,2009,7,-6.07783121993879,-11.05263157894737,-1.209724322438055,0.43884408277203857,61.43382334789196,4.737130076912804,924.6759686308155,3.0061766521080386,4.893357581025751,-1.3571300769128039,-28.64878217144605,9.554031369184486,1.03323020098936,-7.574064796476979,4.893357581025751
2009-08-01,72.51,3.14,949.38,100.0306,115,2009,8,12.523277467411553,-7.100591715976323,1.6216563373045112,0.32373592399632667,61.562744194003926,4.726874857265229,931.898806118241,10.947255805996079,17.7822739212173,-1.586874857265229,-33.571332120760395,17.48119388175894,1.8758682559725153,-4.637729981190193,17.7822739212173
2009-09-01,67.65,2.99,996.59,100.2295,116,2009,9,-6.70252378982209,-4.777070063694266,4.972719037687767,0.19883915521849982,61.69166504011589,4.716619637617654,939.1216436056666,5.958334959884112,9.658249547989376,-1.7266196376176541,-36.60714177261414,57.468356394333455,6.119373010474901,-6.9431730713832875,9.658249547989376
2009-10-01,72.77,4.01,1043.16,100.3226,117,2009,10,7.5683665927568144,34.113712374581915,4.672934707352083,0.09288682473722609,61.82058588622785,4.7063644179700805,946.3444810930921,10.949414113772143,17.711598744668983,-0.6963644179700808,-14.79622817372974,96.81551890690798,10.230473241105553,4.381947937348266,17.711598744668983
2009-11-01,76.66,3.66,1127.04,100.333,118,2009,11,5.34560945444551,-8.728179551122183,8.0409524905096,0.01036655748556381,61.94950673233982,4.696109198322506,953.5673185805176,14.710493267660176,23.74594091801022,-1.0361091983225057,-22.06314109332495,173.47268141948234,18.191970093701844,6.624923306129038,23.74594091801022
2009-12-01,74.46,5.35,1134.724,100.3075,119,2009,12,-2.869814766501444,46.174863387978114,0.6817859170925589,-0.025415366828451802,62.07842757845178,4.685853978674931,960.7901560679431,12.381572421548213,19.945048392053693,0.6641460213250685,14.173425470523862,173.9338439320568,18.103208367983832,17.40722741018713,19.945048392053693
2010-01-01,76.17,5.83,1117.963,100.2788,120,2010,1,2.2965350523771244,8.971962616822449,-1.4770992770048008,-0.028612018044515963,62.20734842456375,4.675598759027356,968.0129935553687,13.962651575436254,22.44534115188687,1.1544012409726436,24.68991246829718,149.9500064446313,15.490495214727137,20.87524961163706,22.44534115188687
2010-02-01,73.75,5.32,1095.413,100.2677,121,2010,2,-3.177103846658791,-8.747855917667236,-2.017061387541441,-0.011069139239794357,62.336269270675714,4.665343539379782,975.2358310427942,11.413730729324286,18.30993555254925,0.6546564606202185,14.032331276235437,120.17716895720582,12.322882848623754,14.888383225802814,18.30993555254925
2010-03-01,78.83,4.29,1113.337,100.2649,122,2010,3,6.888135593220346,-19.3609022556391,1.6362778239805476,-0.0027925244121540516,62.465190116787674,4.655088319732208,982.4586685302197,16.364809883212324,26.19828716220339,-0.3650883197322079,-7.8427796565030645,130.87833146978028,13.32151017259354,10.559005892764622,26.19828716220339
2010-04-01,84.82,4.03,1148.69,100.2496,123,2010,4,7.598629963211967,-6.060606060606055,3.1754087037437984,-0.01525957737952277,62.594110962899634,4.644833100084633,989.6815060176452,22.22588903710036,35.507955453307645,-0.614833100084633,-13.236925565171118,159.00849398235482,16.066632852642172,12.7792209135929,35.507955453307645
2010-05-01,75.95,4.14,1205.434,100.2312,124,2010,5,-10.45743928318792,2.7295285359801413,4.939888046383256,-0.01835418794688959,62.7230318090116,4.6345778804370585,996.9043435050706,13.226968190988401,21.087896757388638,-0.49457788043705886,-10.671476306929991,208.52965649492933,20.917719724416937,10.444713391625195,21.087896757388638
2010-06-01,74.76,4.8,1232.92,100.2441,125,2010,6,-1.5668202764976935,15.94202898550725,2.2801746093108477,0.012870243995877217,62.85195265512357,4.624322660789484,1004.1271809924962,11.908047344876437,18.946185188895186,0.17567733921051598,3.798985323842511,228.7928190075039,22.78524307860696,15.176804530448218,18.946185188895186
2010-07-01,75.58,4.63,1192.97,100.2971,126,2010,7,1.0968432316746934,-3.541666666666665,-3.2402751192291523,0.05287094203050291,62.980873501235536,4.614067441141909,1011.3500184799217,12.599126498764463,20.004686817367336,0.01593255885809075,0.3453039874542383,181.61998152007834,17.95817256156841,12.769387788796662,20.004686817367336
2010-08-01,77.04,4.32,1215.81,100.376,127,2010,8,1.93172797036254,-6.6954643628509665,1.9145494019128684,0.07866628247477081,63.109794347347496,4.603812221494335,1018.5728559673472,13.93020565265251,22.07296949183926,-0.28381222149433505,-6.1647219269558615,197.23714403265274,19.364068350843198,11.75743863857553,22.07296949183926
2010-09-01,77.84,3.89,1270.98,100.4723,128,2010,9,1.038421599169248,-9.95370370370371,4.537715597009417,0.09593926835100852,63.238715193459456,4.593557001846761,1025.7956934547728,14.601284806540548,23.089154739896905,-0.7035570018467605,-15.316170052181949,245.18430654522717,23.901865460116333,10.55828338261043,23.089154739896905
2010-10-01,82.67,3.43,1342.024,100.5757,129,2010,10,6.205035971223016,-11.82519280205655,5.589702434342003,0.10291393747330346,63.36763603957142,4.583301782199186,1033.0185309421981,19.30236396042858,30.46091848585729,-1.1533017821991858,-25.163121195257666,309.00546905780175,29.912867949809502,11.736888413469709,30.46091848585729
2010-11-01,85.28,3.71,1369.89,100.6575,130,2010,11,3.157130760856419,8.163265306122437,2.076415921026764,0.08133177298292882,63.49655688568339,4.573046562551611,1040.241368429624,21.78344311431661,34.30649500182291,-0.8630465625516113,-18.872463919765107,329.6486315703762,31.68962911636773,15.707886732808511,34.30649500182291
2010-12-01,91.45,4.25,1390.55,100.7073,131,2010,12,7.234990619136972,14.555256064690036,1.5081502894392917,0.04947470382237196,63.62547773179535,4.5627913429040365,1047.4642059170492,27.824522268204653,43.73173021269119,-0.31279134290403654,-6.855262916865209,343.08579408295077,32.75393967114905,23.210135655658345,43.73173021269119
2011-01-01,96.52,4.49,1360.46,100.729,132,2011,1,5.54401312192454,5.647058823529427,-2.1638919851857175,0.021547593868564974,63.75439857790732,4.552536123256463,1054.687043404475,32.76560142209268,51.393475827480984,-0.06253612325646252,-1.3736546303718282,305.7729565955251,28.991818806127164,26.33721333441211,51.393475827480984
2011-02-01,103.72,4.09,1374.68,100.7295,133,2011,2,7.459593866556147,-8.908685968819608,1.0452347000279305,0.0004963813797331795,63.88331942401928,4.542280903608888,1061.9098808919002,39.83668057598072,62.35850130386722,-0.4522809036088882,-9.957131960939414,312.77011910809983,29.453546363595713,27.284971902174505,62.35850130386722
2011-03-01,114.64,3.97,1423.26,100.7339,134,2011,3,10.528345545699969,-2.933985330073341,3.533913347106221,0.004368134459120654,64.01224027013124,4.532025683961313,1069.1327183793258,50.62775972986876,79.09074813851215,-0.5620256839613131,-12.401202534008206,354.12728162067424,33.122855145382495,33.27080024996215,79.09074813851215
2011-04-01,123.26,4.24,1480.89,100.7683,135,2011,4,7.519190509420803,6.801007556675054,4.049154757387985,0.03414937771692994,64.14116111624321,4.521770464313739,1076.3555558667513,59.118838883756794,92.16989193041822,-0.2817704643137384,-6.231419010263765,404.5344441332488,37.58371868183386,41.17406386732944,92.16989193041822
2011-05-01,114.99,4.31,1512.58,100.8312,136,2011,5,-6.709394775271793,1.6509433962264008,2.1399293667996755,0.0624204238833137,64.27008196235516,4.511515244666164,1083.5783933541768,50.71991803764483,78.91684044739968,-0.20151524466616433,-4.466686550697354,429.00160664582313,39.59119241182583,38.01378210284272,78.91684044739968
2011-06-01,113.83,4.54,1529.36,100.9126,137,2011,6,-1.0087833724671702,5.336426914153147,1.1093628105620867,0.08072898071231904,64.39900280846713,4.50126002501859,1090.8012308416023,49.43099719153287,76.75739535680158,0.03873997498140991,0.8606473468781647,438.5587691583976,40.205195663377616,39.274412789019124,76.75739535680158
2011-07-01,116.97,4.42,1572.75,100.9944,138,2011,7,2.758499516823343,-2.643171806167399,2.837134487628812,0.0810602442113284,64.5279236545791,4.491004805371015,1098.0240683290278,52.4420763454209,81.27036076063088,-0.0710048053710155,-1.5810449653961032,474.72593167097216,43.23456519431397,40.97462699651625,81.27036076063088
2011-08-01,110.22,4.06,1759.01,101.0616,139,2011,8,-5.770710438573989,-8.144796380090503,11.842950246383733,0.0665383427199906,64.65684450069107,4.480749585723441,1105.2469058164534,45.563155499308934,70.46919139213783,-0.4207495857234411,-9.390160679008552,653.7630941835466,59.15086400541492,40.076631572848065,70.46919139213783
2011-09-01,112.83,3.9,1772.14,101.1268,140,2011,9,2.3679912901469757,-3.9408866995073843,0.7464426012359304,0.06451510761753543,64.78576534680303,4.470494366075866,1112.4697433038789,48.044234653196966,74.15862789613212,-0.5704943660758661,-12.761326138894963,659.6702566961212,59.297815573571754,40.2317057769363,74.15862789613212
2011-10-01,109.55,3.57,1666.43,101.1726,141,2011,10,-2.907028272622536,-8.461538461538465,-5.965104337129123,0.04528967593160349,64.91468619291498,4.460239146428291,1119.6925807913044,44.63531380708501,68.75996238268293,-0.8902391464282915,-19.95944874707413,546.7374192086957,48.829243721728304,32.5432524524457,68.75996238268293
2011-11-01,110.77,3.24,1739.0,101.179,142,2011,11,1.1136467366499314,-9.243697478991585,4.354818384210546,0.0063258233948815246,65.04360703902695,4.4499839267807175,1126.91541827873,45.726392960973044,70.30113341275286,-1.2099839267807173,-27.19074825189457,612.0845817212701,54.315041909372276,32.475142356743525,70.30113341275286
2011-12-01,107.87,3.17,1639.97,101.1363,143,2011,12,-2.618037374740445,-2.1604938271605034,-5.694652098907415,-0.04220243331125584,65.17252788513892,4.439728707133143,1134.1382557661555,42.697472114861085,65.51452506201966,-1.269728707133143,-28.599240874630883,505.8317442338446,44.60053628048506,27.171940155957945,65.51452506201966
2012-01-01,110.69,2.67,1654.05,101.0381,144,2012,1,2.614257903031425,-15.77287066246057,0.8585522905906862,-0.09709669030804058,65.30144873125089,4.429473487485568,1141.361093253581,45.38855126874911,69.50619343155216,-1.7594734874855682,-39.72195549779325,512.688906746419,44.91908036613902,24.901106099965975,69.50619343155216
2012-02-01,119.33,2.51,1744.82,100.8881,145,2012,2,7.805583160177076,-5.992509363295884,5.487742208518487,-0.14845884869173487,65.43036957736285,4.419218267837993,1148.5839307410065,53.899630422637145,82.37708386914716,-1.9092182678379936,-43.20262435853926,596.2360692589934,51.910535512570945,30.361665007726277,82.37708386914716
2012-03-01,125.45,2.17,1675.95,100.7454,146,2012,3,5.128634878069227,-13.545816733067728,-3.9471120230166967,-0.14144383728109666,65.5592904234748,4.408963048190419,1155.806768228432,59.8907095765252,91.3535048803398,-2.238963048190419,-50.78207786543736,520.143231771568,45.00261168818209,28.524679567694847,91.3535048803398
2012-04-01,119.75,1.95,1649.2,100.6586,147,2012,4,-4.543642885611798,-10.138248847926267,-1.5961096691428756,-0.08615777990855777,65.68821126958677,4.398707828542845,1163.0296057158575,54.06178873041323,82.30059501626815,-2.4487078285428447,-55.668799201742516,486.1703942841425,41.80206521784106,22.8112870107889,82.30059501626815
2012-05-01,110.34,2.43,1589.04,100.6505,148,2012,5,-7.858037578288101,24.615384615384617,-3.64782925054572,-0.008047002441935458,65.81713211569874,4.38845260889527,1170.2524432032828,44.52286788430126,67.6463201192591,-1.95845260889527,-44.62740704834186,418.7875567967171,35.7860869446585,19.60166667185858,67.6463201192591
2012-06-01,95.16,2.46,1598.76,100.7089,149,2012,6,-13.75747688961393,1.2345679012345512,0.6116900770276379,0.058022563226223234,65.94605296181071,4.3781973892476955,1177.4752806907084,29.21394703818929,44.299765833001494,-1.9181973892476956,-43.81249219047428,421.28471930929163,35.77864658544386,12.088640075990357,44.299765833001494
2012-07-01,102.62,2.95,1594.29,100.8119,150,2012,7,7.839428331231613,19.918699186991873,-0.2795916835547585,0.10227497271839692,66.07497380792267,4.367942169600121,1184.6981181781339,36.54502619207733,55.308423274313014,-1.4179421696001206,-32.462475796238195,409.5918818218661,34.5735234602845,19.139823646119773,55.308423274313014
2012-08-01,113.36,2.84,1630.31,100.9465,151,2012,8,10.465796141103102,-3.7288135593220417,2.259312922993928,0.13351598372812745,66.20389465403463,4.357686949952546,1191.9209556655594,47.15610534596537,71.22859703706504,-1.5176869499525463,-34.82781042748088,438.38904433444054,36.78004336199018,24.393609990524784,71.22859703706504
2012-09-01,112.86,2.85,1744.81,101.1122,152,2012,9,-0.44107268877910943,0.35211267605634866,7.023204175892928,0.16414635475228145,66.3328155001466,4.347431730304972,1199.143793152985,46.527184499853405,70.14203173654009,-1.4974317303049722,-34.444053942623434,545.666206847015,45.50465173257164,27.0675431754961,70.14203173654009
2012-10-01,111.71,3.32,1746.58,101.2894,153,2012,10,-1.0189615452773415,16.491228070175424,0.10144371020339715,0.1752508599357938,66.46173634625856,4.337176510657398,1206.3666306404104,45.24826365374143,68.0816754741447,-1.0171765106573978,-23.452504369097525,540.2133693595895,44.780198294511216,29.80312313318613,68.0816754741447
2012-11-01,109.06,3.54,1721.64,101.4542,154,2012,11,-2.3722137677915978,6.626506024096401,-1.4279334470794214,0.16270211887916552,66.59065719237053,4.326921291009823,1213.589468127836,42.469342807629474,63.776728745808654,-0.7869212910098229,-18.186632898657837,508.05053187216413,41.86345920222237,29.15118501645773,63.776728745808654
2012-12-01,109.49,3.34,1684.762,101.5804,155,2012,12,0.3942783788740023,-5.649717514124298,-2.142027369252586,0.12439110455753077,66.7195780384825,4.316666071362248,1220.8123056152615,42.7704219615175,64.10475488446343,-0.9766660713622484,-22.6254719548884,463.94969438473845,38.003359914603614,26.494214281392885,64.10475488446343
2013-01-01,112.96,3.33,1671.848,101.675,156,2013,1,3.169239199926932,-0.29940119760478723,-0.766517763339869,0.09312820189721904,66.84849888459445,4.3064108517146735,1228.035143102687,46.111501115405545,68.97911229840967,-0.9764108517146735,-22.673425396136977,443.81285689731294,36.14007786259271,27.48192158828847,68.97911229840967
2013-02-01,116.05,3.33,1627.57,101.7375,157,2013,2,2.7354815864022664,0.0,-2.648446509491298,0.06147037128103605,66.97741973070642,4.2961556320671,1235.2579805901125,49.07258026929358,73.26734960319142,-0.9661556320670996,-22.48884153207999,392.3120194098874,31.759521134400643,27.512676401837357,73.26734960319142
2013-03-01,108.47,3.81,1593.086,101.739,158,2013,3,-6.531667384747952,14.414414414414424,-2.1187414366202306,0.0014743826022955986,67.10634057681838,4.285900412419525,1242.480818077538,41.363659423181616,61.638973407932376,-0.47590041241952497,-11.103860720619597,350.60518192246195,28.218156515683297,26.251089734332027,61.638973407932376
2013-04-01,102.25,4.17,1487.86,101.6371,159,2013,4,-5.73430441596755,9.4488188976378,-6.605167580406846,-0.10015824806612894,67.23526142293035,4.27564519277195,1249.7036555649636,35.01473857706965,52.07793921825669,-0.10564519277195039,-2.4708596716711986,238.15634443503632,19.057025509569392,22.888035018718295,52.07793921825669
2013-05-01,102.56,4.04,1414.027,101.4018,160,2013,5,0.3031784841075913,-3.1175059952038398,-4.962362050192882,-0.23150995059875168,67.36418226904232,4.265389973124376,1256.926493052389,35.195817730957685,52.247079301565535,-0.2253899731243756,-5.28415864773271,157.10050694761094,12.498782372396294,19.820567675409706,52.247079301565535
2013-06-01,102.92,3.83,1343.35,101.0343,161,2013,6,0.35101404056161467,-5.198019801980203,-4.998277967818165,-0.362419602018893,67.49310311515427,4.255134753476801,1264.1493305398146,35.42689688484573,52.48965486799688,-0.42513475347680085,-9.991099650356084,79.20066946018528,6.265135577484755,16.254563598375185,52.48965486799688
2013-07-01,107.93,3.62,1285.516,100.5668,162,2013,7,4.867858530897795,-5.483028720626626,-4.30520713142516,-0.4627141475716634,67.62202396126624,4.244879533829227,1271.3721680272401,40.30797603873377,59.60776338463649,-0.624879533829227,-14.720783684184665,14.143831972759926,1.1124855749128593,15.333155091788228,59.60776338463649
2013-08-01,111.28,3.43,1351.742,100.0832,163,2013,8,3.1038636153062127,-5.2486187845303895,5.151705618599833,-0.480874403878806,67.7509448073782,4.234624314181652,1278.5950055146657,43.5290551926218,64.24863198052613,-0.8046243141816523,-19.00107906826552,73.14699448533429,5.720888488524233,16.98948046692828,64.24863198052613
2013-09-01,111.6,3.62,1348.6,99.65915,164,2013,9,0.28756290438531895,5.5393586005830775,-0.23244080601180217,-0.42369748369357474,67.87986565349017,4.224369094534078,1285.8178430020912,43.72013434650982,64.4081038252053,-0.6043690945340776,-14.306730330833837,62.782156997908714,4.882663383432813,18.328012292601425,64.4081038252053
2013-10-01,109.08,3.68,1316.58,99.34301,165,2013,10,-2.2580645161290325,1.6574585635359185,-2.374314103514752,-0.3172212486259318,68.00878649960214,4.214113874886503,1293.0406804895167,41.07121350039786,60.391040061622235,-0.5341138748865029,-12.674405361219337,23.53931951048321,1.8204624081565435,16.51236570285315,60.391040061622235
2013-11-01,107.79,3.64,1275.86,99.1498,166,2013,11,-1.1826182618261738,-1.0869565217391353,-3.09286180862538,-0.19448776516838295,68.13770734571409,4.203858655238928,1300.2635179769422,39.652292654285915,58.194345244256404,-0.5638586552389282,-13.412883293215314,-24.40351797694234,-1.876813248972128,14.30154956735632,58.194345244256404
2013-12-01,110.76,4.24,1221.512,99.07339,167,2013,12,2.7553576398552826,16.483516483516492,-4.2597150157540735,-0.07706520840182751,68.26662819182606,4.1936034355913545,1307.4863554643678,42.49337180817395,62.24618519134935,0.0463965644086457,1.106365089623768,-85.97435546436782,-6.575545137052929,18.92566838130673,62.24618519134935
2014-01-01,108.12,4.71,1244.27,99.10799,168,2014,1,-2.3835319609967542,11.084905660377341,1.8631008127631965,0.034923605622050324,68.39554903793803,4.18334821594378,1314.709192951793,39.72445096206198,58.080462136545464,0.5266517840562202,12.589240887216114,-70.43919295179307,-5.357777471202021,21.77064185085318,58.080462136545464
2014-02-01,108.9,6.0,1299.58,99.2242,169,2014,2,0.7214206437291981,27.388535031847127,4.445176689946706,0.1172559346627855,68.52446988404999,4.173092996296205,1321.9320304392186,40.37553011595001,58.92133158311083,1.8269070037037949,43.77824806025774,-22.35203043921865,-1.6908607949980663,33.669572949456835,58.92133158311083
2014-03-01,107.48,4.9,1336.08,99.3771,170,2014,3,-1.3039485766758507,-18.333333333333325,2.808599701442005,0.1540954726770405,68.65339073016196,4.16283777664863,1329.154867926644,38.826609269838045,56.554539924245994,0.7371622233513699,17.708165989231414,6.925132073355826,0.5210176963169368,24.927907869931445,56.554539924245994
2014-04-01,107.76,4.66,1298.45,99.52697,171,2014,4,0.2605135839225836,-4.897959183673473,-2.816448116879222,0.15080939170091234,68.78231157627391,4.152582557001056,1336.3777054140696,38.97768842372609,56.66818623928196,0.5074174429989444,12.219322217771754,-37.92770541406958,-2.8380977369207065,22.016470240044338,56.66818623928196
2014-05-01,109.54,4.58,1288.74,99.66417,172,2014,5,1.6518188567186343,-1.716738197424894,-0.7478147021448667,0.1378520817020723,68.91123242238588,4.142327337353482,1343.6005429014951,40.62876757761413,58.958120685729945,0.43767266264651816,10.565863752480404,-54.86054290149514,-4.083099191298644,21.813628415637236,58.958120685729945
2014-06-01,111.8,4.59,1279.1,99.7762,173,2014,6,2.063173270038332,0.21834061135370675,-0.7480174433943332,0.11240749810088602,69.04015326849785,4.132072117705907,1350.8233803889207,42.75984673150215,61.9347505866748,0.45792788229409265,11.082281945948477,-71.72338038892076,-5.309604603399047,22.56914264307474,61.9347505866748
2014-07-01,106.77,4.05,1310.59,99.86151,174,2014,7,-4.4991055456171765,-11.764705882352944,2.4618872644828427,0.08550135202582965,69.16907411460981,4.1218168980583325,1358.0462178763462,37.60092588539018,54.360892301503505,-0.07181689805833269,-1.742360222070115,-47.45621787634627,-3.4944479246484152,16.374694718261658,54.360892301503505
2014-08-01,101.61,3.91,1295.13,99.919,175,2014,8,-4.832818207361611,-3.4567901234567877,-1.1796213918921827,0.05756972831674201,69.29799496072178,4.111561678410758,1365.2690553637717,32.31200503927822,46.627618962991235,-0.20156167841075767,-4.902314355859725,-70.1390553637716,-5.137379704624102,12.19597496750247,46.627618962991235
2014-09-01,97.09,3.92,1236.55,99.95475,176,2014,9,-4.4483810648558215,0.2557544757033181,-4.523098067375486,0.03577898097459897,69.42691580683373,4.101306458763183,1372.4918928511972,27.66308419316627,39.844898583905376,-0.1813064587631832,-4.420700100959028,-135.94189285119728,-9.904750152570543,8.506482776791936,39.844898583905376
2014-10-01,87.43,3.78,1222.49,99.97803,177,2014,10,-9.949531362653207,-3.57142857142857,-1.1370344911245,0.02329053896887867,69.5558366529457,4.091051239115609,1379.7147303386228,17.874163347054306,25.697575080922174,-0.3110512391156095,-7.603210542600087,-157.22473033862275,-11.395452036671026,2.232970833883687,25.697575080922174
2014-11-01,79.44,4.12,1175.33,99.99064,178,2014,11,-9.138739563079046,8.994708994709,-3.857700267486852,0.012612771025799496,69.68475749905767,4.080796019468035,1386.9375678260483,9.75524250094233,13.999105186057722,0.0392039805319655,0.9606944415975994,-211.60756782604835,-15.25718047696495,-0.09912694976987584,13.999105186057722
2014-12-01,62.34,3.48,1200.62,99.99355,179,2014,12,-21.525679758308147,-15.533980582524276,2.1517361081568653,0.0029102724014906656,69.81367834516962,4.07054079982046,1394.1604053134738,-7.473678345169617,-10.705177727806571,-0.5905407998204599,-14.50767425906914,-193.5404053134739,-13.882219332570758,-13.03169043981549,-10.705177727806571
2015-01-01,47.76,2.99,1250.75,99.98207,180,2015,1,-23.387872954764198,-14.080459770114938,4.175342739584553,-0.011480740507763265,69.9425991912816,4.060285580172885,1401.3832428008993,-22.182599191281604,-31.715434438768586,-1.070285580172885,-26.359859646308735,-150.63324280089932,-10.748897103966616,-22.941397063014644,-31.715434438768586
2015-02-01,58.1,2.87,1227.08,99.92068,181,2015,2,21.649916247906198,-4.013377926421413,-1.8924645212872293,-0.061401009200934276,70.07152003739355,4.0500303605253105,1408.6060802883248,-11.971520037393553,-17.084715774689872,-1.1800303605253104,-29.136333693366538,-181.52608028832492,-12.886930052947712,-19.702659840334707,-17.084715774689872
2015-03-01,55.89,2.83,1178.63,99.77432,182,2015,3,-3.8037865748709154,-1.3937282229965153,-3.948397822472849,-0.1464761849098717,70.20044088350552,4.039775140877737,1415.8289177757504,-14.310440883505521,-20.385115397285116,-1.2097751408777366,-29.946596003234088,-237.19891777575026,-16.75336015515115,-22.361690518556784,-20.385115397285116
2015-04-01,59.52,2.61,1198.93,99.53653,183,2015,4,6.494900697799255,-7.773851590106018,1.722338647412669,-0.23832785831063852,70.32936172961749,4.029519921230162,1423.051755263176,-10.809361729617486,-15.369628649801022,-1.4195199212301621,-35.22801596664648,-224.12175526317583,-15.749374851213846,-22.11567315588712,-15.369628649801022
2015-05-01,64.08,2.85,1198.63,99.24313,184,2015,5,7.661290322580627,9.195402298850585,-0.02502231156114032,-0.2947661526878642,70.45828257572944,4.019264701582587,1430.2745927506014,-6.378282575729443,-9.052566061163903,-1.1692647015825872,-29.09150773578532,-231.6445927506013,-16.19581260302744,-18.113295466658887,-9.052566061163903
2015-06-01,61.48,2.78,1181.5,98.93192,185,2015,6,-4.057428214731584,-2.4561403508772006,-1.4291315919007674,-0.31358341882202767,70.58720342184141,4.009009481935013,1437.497430238027,-9.107203421841412,-12.902060119049027,-1.2290094819350128,-30.656187955480007,-255.99743023802694,-17.80854872176278,-20.45559893209727,-12.902060119049027
2015-07-01,56.56,2.84,1128.31,98.63917,186,2015,7,-8.00260247234872,2.158273381294973,-4.501904358865849,-0.2959105615255586,70.71612426795338,3.9987542622874384,1444.7202677254525,-14.156124267953373,-20.018241121803875,-1.1587542622874385,-28.97788126706709,-316.4102677254525,-21.90114410339134,-23.632422164087433,-20.018241121803875
2015-08-01,46.52,2.77,1117.93,98.39778,187,2015,8,-17.751060820367748,-2.464788732394363,-0.9199599400873781,-0.24472022625493528,70.84504511406534,3.9884990426398637,1451.943105212878,-24.32504511406534,-34.33556302335663,-1.2184990426398636,-30.55031553507349,-334.0131052128779,-23.004558788404196,-29.296812448944774,-34.33556302335663
2015-09-01,47.62,2.66,1124.77,98.23602,188,2015,9,2.364574376612194,-3.971119133574008,0.6118451065808994,-0.16439395279039815,70.97396596017731,3.9782438229922894,1459.1659427003033,-23.353965960177312,-32.90497528809502,-1.3182438229922893,-33.13632551563304,-334.3959427003033,-22.916923491338952,-29.652741431689005,-32.90497528809502
2015-10-01,48.43,2.34,1159.25,98.18163,189,2015,10,1.7009659806803912,-12.030075187969935,3.0655156165260378,-0.05536665675176522,71.10288680628926,3.9679886033447147,1466.3887801877288,-22.672886806289263,-31.887434989888174,-1.6279886033447148,-41.028056430717655,-307.1387801877288,-20.945248922895367,-31.28691344783373,-31.887434989888174
2015-11-01,44.27,2.09,1086.44,98.21223,190,2015,11,-8.589717117489148,-10.68376068376068,-6.280784990295441,0.031166726402909184,71.23180765240123,3.95773338369714,1473.6116176751543,-26.961807652401227,-37.85079803670031,-1.8677333836971401,-47.191996090256744,-387.17161767515427,-26.27365399615783,-37.105482707704965,-37.85079803670031
2015-12-01,38.01,1.93,1075.74,98.3084,191,2015,12,-14.140501468262945,-7.655502392344493,-0.9848680092780171,0.09792059502162775,71.3607284985132,3.9474781640495658,1480.8344551625798,-33.3507284985132,-46.735409237320304,-2.0174781640495656,-51.10802593977905,-405.09445516257983,-27.35582318133628,-41.73308611947854,-46.735409237320304
2016-01-01,30.7,2.28,1097.91,98.45573,192,2016,1,-19.23178111023415,18.134715025906733,2.0609069105917754,0.14986511834187421,71.48964934462516,3.937222944401991,1488.0572926500054,-40.78964934462516,-57.05672040436699,-1.6572229444019912,-42.09116343686502,-390.1472926500053,-26.218566622203898,-41.7888168211453,-57.05672040436699
2016-02-01,32.18,1.99,1199.5,98.60632,193,2016,2,4.820846905537457,-12.71929824561403,9.253035312548374,0.1529519917225608,71.61857019073713,3.926967724754417,1495.280130137431,-39.43857019073713,-55.067519619147554,-1.9369677247544168,-49.32476812947451,-295.7801301374309,-19.780917580322946,-41.39106844298167,-55.067519619147554
2016-03-01,38.21,1.73,1245.14,98.72742,194,2016,3,18.73834679925419,-13.06532663316583,3.8049187161317333,0.12281160071687669,71.74749103684908,3.916712505106842,1502.5029676248564,-33.53749103684908,-46.743782329091374,-2.186712505106842,-55.83030417105357,-257.3629676248563,-17.128949038396474,-39.901011846180474,-46.743782329091374
2016-04-01,41.58,1.92,1242.26,98.82918,195,2016,4,8.819680711855526,10.982658959537561,-0.23129929164592555,0.10307166945109358,71.87641188296105,3.9064572854592674,1509.725805112282,-30.296411882961053,-42.15070158523465,-1.9864572854592675,-50.85060811629295,-267.46580511228194,-17.71618423733506,-36.90583131295422,-42.15070158523465
2016-05-01,46.74,1.92,1260.95,98.92396,196,2016,5,12.409812409812426,0.0,1.5045159628419125,0.09590284974538843,72.00533272907302,3.896202065811693,1516.9486425997075,-25.265332729073016,-35.08814107440661,-1.9762020658116932,-50.72124167153513,-255.9986425997074,-16.875893844433882,-34.22842553012521,-35.08814107440661
2016-06-01,48.25,2.59,1276.4,99.02956,197,2016,6,3.23063756953359,34.89583333333333,1.2252666640231613,0.10674865826236779,72.13425357518499,3.8859468461641185,1524.171480087133,-23.884253575184985,-33.110834855025715,-1.2959468461641186,-33.3495772708103,-247.7714800871329,-16.256141997419373,-27.5721847077518,-33.110834855025715
2016-07-01,44.95,2.82,1336.66,99.15444,198,2016,7,-6.839378238341965,8.880308880308885,4.7210905672202985,0.126103761341545,72.26317442129695,3.875691626516544,1531.3943175745585,-27.31317442129695,-37.796809564523336,-1.0556916265165444,-27.23879318193836,-194.73431757455842,-12.716144714640254,-25.91724915370065,-37.796809564523336
2016-08-01,45.84,2.82,1340.17,99.28487,199,2016,8,1.979977753058959,0.0,0.2625948259093569,0.13154226880813802,72.3920952674089,3.8654364068689695,1538.617155061984,-26.5520952674089,-36.678169307475095,-1.0454364068689697,-27.04575361817375,-198.44715506198395,-12.897760460365424,-25.540561128671424,-36.678169307475095
2016-09-01,46.57,2.99,1326.61,99.41071,200,2016,9,1.5924956369982368,6.028368794326244,-1.01181193430685,0.12674640154133332,72.52101611352087,3.855181187221395,1545.8399925494095,-25.951016113520872,-35.78413197203196,-0.8651811872213946,-22.442036968046374,-219.22999254940964,-14.181933033564107,-24.136033991214145,-35.78413197203196
2016-10-01,49.52,2.98,1266.55,99.53759,201,2016,10,6.334550139574846,-0.33444816053512794,-4.527329056768748,0.12763212333963825,72.64993695963284,3.8449259675738205,1553.062830036835,-23.129936959632836,-31.83751827958879,-0.8649259675738206,-22.495256732331725,-286.5128300368351,-18.448244623177263,-24.260339878365926,-31.83751827958879
2016-11-01,44.73,2.55,1238.35,99.65688,202,2016,11,-9.672859450726989,-14.429530201342288,-2.22652086376377,0.11984417143313664,72.7788578057448,3.834670747926246,1560.2856675242606,-28.04885780574481,-38.539843371285734,-1.284670747926246,-33.501461595392094,-321.9356675242607,-20.633123422525763,-30.89147612973453,-38.539843371285734
2016-12-01,53.31,3.59,1157.36,99.78185,203,2016,12,19.181757209926232,40.78431372549021,-6.540154237493445,0.12540027341816362,72.90777865185677,3.8244155282786716,1567.508505011686,-19.59777865185677,-26.88023008551457,-0.23441552827867174,-6.129447141539551,-410.1485050116862,-26.16563187378868,-19.725103033614264,-26.88023008551457
2017-01-01,54.58,3.3,1192.1,99.92717,204,2017,1,2.3822922528606183,-8.07799442896936,3.001658947950503,0.1456377086614502,73.03669949796873,3.814160308631097,1574.7313424991116,-18.456699497968728,-25.270445714050975,-0.5141603086310971,-13.480301482546478,-382.6313424991117,-24.29819818610282,-21.016315127566756,-25.270445714050975
2017-02-01,54.87,2.85,1234.2,100.0869,205,2017,2,0.5313301575668783,-13.636363636363624,3.5315829208959038,0.15984641614488204,73.1656203440807,3.803905088983522,1581.9541799865372,-18.295620344080696,-25.005761255136903,-0.9539050889835221,-25.076995000378,-347.7541799865371,-21.98256968412932,-24.021775313214743,-25.005761255136903
2017-03-01,51.59,2.88,1231.42,100.2642,206,2017,3,-5.977765627847631,1.0526315789473717,-0.2252471236428466,0.17714606007379619,73.29454119019266,3.793649869335948,1589.1770174739627,-21.704541190192657,-29.612766295748205,-0.913649869335948,-24.083663511516313,-357.7570174739626,-22.512093589336352,-25.40284113220029,-29.612766295748205
2017-04-01,52.31,3.1,1266.88,100.4523,207,2017,4,1.395619306067064,7.638888888888906,2.8796024102256013,0.18760434930911174,73.42346203630463,3.7833946496883732,1596.399854961388,-21.113462036304625,-28.755742988344736,-0.6833946496883732,-18.063001958959322,-329.51985496138786,-20.641436037298934,-22.486726994867663,-28.755742988344736
2017-05-01,50.33,3.15,1246.04,100.6282,208,2017,5,-3.785127126744414,1.6129032258064502,-1.6449861076029415,0.1751079865767169,73.5523828824166,3.773139430040799,1603.6226924488135,-23.222382882416596,-31.572577219613272,-0.6231394300407991,-16.51514452605482,-357.58269244881353,-22.298430555554596,-23.46205076707423,-31.572577219613272
2017-06-01,46.37,2.98,1260.26,100.7738,209,2017,6,-7.868070733161137,-5.3968253968254,1.1412153702930805,0.1446910508187349,73.68130372852855,3.7628842103932243,1610.845529936239,-27.31130372852855,-37.066803037517275,-0.7828842103932243,-20.805429203239083,-350.585529936239,-21.764068833472567,-26.54543369140964,-37.066803037517275
2017-07-01,48.48,2.98,1236.84,100.8841,210,2017,7,4.550355833513042,0.0,-1.8583466903654866,0.10945305228144964,73.81022457464051,3.7526289907456496,1618.0683674236645,-25.330224574640518,-34.31804295490979,-0.7726289907456496,-20.589005538544534,-381.2283674236646,-23.56070825552739,-26.155918916327238,-34.31804295490979
2017-08-01,51.7,2.9,1283.04,100.926,211,2017,8,6.6419141914191515,-2.684563758389269,3.735325506937026,0.041532808440569724,73.93914542075248,3.7423737710980753,1625.29120491109,-22.23914542075248,-30.077633835500922,-0.8423737710980754,-22.509076394336443,-342.2512049110901,-21.05783898152655,-24.548183070454638,-30.077633835500922
2017-09-01,56.15,2.98,1314.07,100.8901,212,2017,9,8.607350096711786,2.758620689655178,2.4184748721785665,-0.03557061609495982,74.06806626686445,3.7321185514505006,1632.5140423985156,-17.91806626686445,-24.19135150944313,-0.7521185514505007,-20.15259003919335,-318.44404239851565,-19.50635854443571,-21.283433364357396,-24.19135150944313
2017-10-01,57.51,2.88,1279.51,100.7978,213,2017,10,2.4220837043633203,-3.3557046979865834,-2.6299968799226803,-0.09148568590973127,74.19698711297642,3.7218633318029264,1639.736879885941,-16.686987112976418,-22.490114170765306,-0.8418633318029265,-22.619404764524635,-360.2268798859411,-21.96857827037459,-22.359365735221512,-22.490114170765306
2017-11-01,62.71,3.01,1281.9,100.6763,214,2017,11,9.041905755520773,4.513888888888884,0.18679025564474205,-0.12053834508292116,74.32590795908837,3.7116081121553517,1646.9597173733666,-11.615907959088368,-15.628343168686454,-0.7016081121553519,-18.903076266527613,-365.05971737336654,-22.165673727319664,-18.89903105417791,-15.628343168686454
2017-12-01,64.37,2.82,1264.45,100.5302,215,2017,12,2.6471057247647867,-6.312292358803983,-1.3612606287542017,-0.14511856315737592,74.45482880520034,3.7013528925077774,1654.1825548607922,-10.084828805200331,-13.544895565586138,-0.8813528925077776,-23.811641799726765,-389.7325548607921,-23.560431931504084,-20.30565643227233,-13.544895565586138
2018-01-01,69.08,3.87,1331.3,100.3595,216,2018,1,7.317073170731692,37.23404255319149,5.286883625291616,-0.16979972187461945,74.5837496513123,3.6910976728602027,1661.4053923482177,-5.5037496513123045,-7.3792879508511895,0.17890232713979737,4.846859741892643,-330.1053923482177,-19.869045439996395,-7.4671578829849805,-7.3792879508511895
2018-02-01,65.32,2.67,1330.73,100.158,217,2018,2,-5.442964678633477,-31.007751937984494,-0.042815293322306935,-0.200778202362506,74.71267049742427,3.680842453212628,1668.6282298356432,-9.392670497424277,-12.571723691429407,-1.0108424532126281,-27.46225805808037,-337.8982298356432,-20.2500607261646,-20.094680825224795,-12.571723691429407
2018-03-01,66.02,2.69,1324.66,99.94302,218,2018,3,1.0716472749540795,0.7490636704119868,-0.45614061454990473,-0.21464086742946087,74.84159134353624,3.670587233565054,1675.8510673230687,-8.821591343536241,-11.787017332439612,-0.9805872335650538,-26.71472358968185,-351.19106732306864,-20.955983152133317,-19.819241358084927,-11.787017332439612
2018-04-01,72.11,2.8,1334.76,99.73568,219,2018,4,9.224477431081501,4.089219330855021,0.7624598010055328,-0.20745820968788298,74.97051218964819,3.660332013917479,1683.0739048104942,-2.8605121896481904,-3.8155164025185426,-0.8603320139174793,-23.504207013087505,-348.31390481049425,-20.69510458304638,-16.004942666217477,-3.8155164025185426
2018-05-01,76.98,2.8,1303.45,99.54636,220,2018,5,6.75357093329636,0.0,-2.3457400581377907,-0.18982173681474368,75.09943303576016,3.650076794269905,1690.2967422979198,1.880566964239847,2.504102745149056,-0.850076794269905,-23.289285189955542,-386.8467422979197,-22.886321236826763,-14.557167893877752,2.504102745149056
2018-06-01,74.41,2.97,1281.57,99.38609,221,2018,6,-3.338529488178754,6.071428571428594,-1.6786221182247152,-0.161000362042385,75.22835388187212,3.63982157462233,1697.5195797853453,-0.8183538818721274,-1.087826384127923,-0.6698215746223299,-18.40259366812042,-415.94957978534535,-24.503374496448696,-14.664598182899013,-1.087826384127923
2018-07-01,74.25,2.83,1237.71,99.26352,222,2018,7,-0.21502486224969086,-4.7138047138047146,-3.42236475572929,-0.12332711750708825,75.35727472798408,3.6295663549747554,1704.7424172727708,-1.107274727984077,-1.4693667359667508,-0.7995663549747554,-22.029252995439908,-467.0324172727708,-27.396069490657972,-16.964896407354875,-1.4693667359667508
2018-08-01,72.53,2.96,1201.71,99.17211,223,2018,8,-2.3164983164983166,4.59363957597172,-2.908597328938123,-0.09208821125826772,75.48619557409606,3.619311135327181,1711.9652547601963,-2.956195574096057,-3.916206866186947,-0.6593111353271812,-18.21648127710856,-510.2552547601963,-29.80523426754186,-17.312640803612457,-3.916206866186947
2018-09-01,78.89,3.0,1198.39,99.13486,224,2018,9,8.768785330208196,1.3513513513513598,-0.27627297767347514,-0.037560963460392394,75.61511642020801,3.6090559156796065,1719.1880922476219,3.2748835797919895,4.330990593987609,-0.6090559156796065,-16.87576834245079,-520.7980922476218,-30.293258462879642,-14.279345403780942,4.330990593987609
2018-10-01,81.03,3.28,1215.39,99.18058,225,2018,10,2.712637850171129,9.333333333333327,1.4185699146354702,0.046118993863508706,75.74403726631998,3.5988006960320322,1726.4109297350474,5.285962733680023,6.978717961777378,-0.3188006960320324,-8.858526019057846,-511.0209297350473,-29.60019083136098,-10.493332962880482,6.978717961777378
2018-11-01,64.75,4.09,1220.65,99.31502,226,2018,11,-20.091324200913242,24.695121951219523,0.43278289273402937,0.1355507297900349,75.87295811243195,3.5885454763844575,1733.633767222473,-11.122958112431945,-14.659976873380169,0.5014545236155423,13.973754183011478,-512.9837672224728,-29.590088571264133,-10.092103753877607,-14.659976873380169
2018-12-01,57.36,4.04,1250.4,99.49198,227,2018,12,-11.41312741312741,-1.2224938875305624,2.4372260680784796,0.1781805007943449,76.0018789585439,3.578290256736883,1740.8566047098982,-18.6418789585439,-24.528181689708394,0.4617097432631172,12.903082481748138,-490.4566047098981,-28.173291434973148,-13.266130214311135,-24.528181689708394
2019-01-01,59.41,3.11,1291.75,99.65956,228,2019,1,3.5739191073919097,-23.019801980198018,3.306941778630823,0.16843568697697542,76.13079980465587,3.5680350370893086,1748.0794421973237,-16.72079980465587,-21.963252517456528,-0.4580350370893087,-12.83717879247507,-456.3294421973237,-26.10461694027594,-20.30168275006918,-21.963252517456528
2019-02-01,63.96,2.69,1320.07,99.79353,229,2019,2,7.658643326039405,-13.5048231511254,2.1923746855041504,0.13442764547626496,76.25972065076783,3.557779817441734,1755.3022796847492,-12.299720650767831,-16.128725027848617,-0.8677798174417339,-24.39104896788475,-435.2322796847493,-24.79528937676288,-21.77168779083208,-16.128725027848617
2019-03-01,66.14,2.95,1300.9,99.90499,230,2019,3,3.408380237648534,9.66542750929369,-1.4521957168937893,0.11169060759750327,76.3886414968798,3.5475245977941596,1762.5251171721748,-10.248641496879799,-13.41644686441821,-0.5975245977941595,-16.843423669724476,-461.62511717217467,-26.191122763278056,-18.816997765806914,-13.41644686441821
2019-04-01,71.23,2.65,1285.91,100.002,231,2019,4,7.695796794677956,-10.169491525423735,-1.1522791913290753,0.09710225685424234,76.51756234299177,3.537269378146585,1769.7479546596003,-5.287562342991762,-6.910259790151365,-0.887269378146585,-25.083455154085144,-483.8379546596002,-27.339370749698837,-19.77769523131178,-6.910259790151365
2019-05-01,71.32,2.64,1283.7,100.1039,232,2019,5,0.12635125649302914,-0.37735849056602655,-0.17186272756258836,0.10189796204076451,76.64648318910372,3.5270141584990102,1776.9707921470258,-5.326483189103726,-6.949416290845494,-0.8870141584990101,-25.149152190432268,-493.27079214702576,-27.759082722515156,-19.952550401264304,-6.949416290845494
2019-06-01,64.22,2.4,1359.04,100.2302,233,2019,6,-9.955131800336503,-9.090909090909093,5.868972501363245,0.1261689105019892,76.77540403521569,3.516758938851436,1784.1936296344513,-12.555404035215687,-16.35341968302338,-1.116758938851436,-31.755345142199783,-425.15362963445136,-23.828895169946186,-23.979219998389784,-16.35341968302338
2019-07-01,63.92,2.37,1412.89,100.3585,234,2019,7,-0.46714419184054057,-1.2499999999999956,3.962355780550997,0.1280053317263663,76.90432488132765,3.5065037192038613,1791.4164671218768,-12.984324881327652,-16.88373820505411,-1.1365037192038612,-32.41130796410221,-378.52646712187675,-21.130009356787056,-23.475018508647793,-16.88373820505411
2019-08-01,59.04,2.22,1500.41,100.4662,235,2019,8,-7.634543178973718,-6.329113924050633,6.194395883614434,0.10731527474006075,77.03324572743962,3.496248499556287,1798.6393046093024,-17.99324572743962,-23.357766581851735,-1.2762484995562868,-36.5033692461579,-298.2293046093023,-16.580828843506406,-25.48065489050535,-23.357766581851735
2019-09-01,62.83,2.56,1510.58,100.5345,236,2019,9,6.419376693766932,15.315315315315313,0.6778147306402804,0.06798306296047496,77.16216657355159,3.4859932799087123,1805.862142096728,-14.33216657355159,-18.57408521557006,-0.9259932799087123,-26.563254876181553,-295.28214209672797,-16.351311388248355,-20.49621715999999,-18.57408521557006
2019-10-01,59.71,2.33,1494.81,100.5522,237,2019,10,-4.965780678020049,-8.984375,-1.043969865879335,0.017605896483297023,77.29108741966354,3.4757380602611376,1813.0849795841534,-17.58108741966354,-22.746590851030977,-1.1457380602611376,-32.963878186351494,-318.27497958415347,-17.554333258949207,-24.421600765443895,-22.746590851030977
2019-11-01,63.21,2.65,1470.79,100.5071,238,2019,11,5.861664712778425,13.733905579399131,-1.606893183749103,-0.044852325458821785,77.42000826577551,3.4654828406135634,1820.307817071579,-14.210008265775507,-18.354439096665946,-0.8154828406135635,-23.531579237864076,-349.517817071579,-19.2010281884009,-20.362348840976974,-18.354439096665946
2019-12-01,67.31,2.22,1479.13,100.3827,239,2019,12,6.486315456415137,-16.226415094339607,0.5670422018099197,-0.1237723504110555,77.54892911188747,3.4552276209659887,1827.5306545590045,-10.238929111887472,-13.203185690823352,-1.2352276209659885,-35.74952959598801,-348.40065455900435,-19.064011522317024,-22.67224226970946,-13.203185690823352
2020-01-01,63.65,2.02,1560.67,100.1881,240,2020,1,-5.4375278561877955,-9.009009009009016,5.512700033127582,-0.19385810503204093,77.67784995799944,3.4449724013184144,1834.75349204643,-14.027849957999443,-18.05900905545703,-1.4249724013184144,-41.36382633350176,-274.0834920464299,-14.938436865473697,-24.787090751477496,-18.05900905545703
2020-02-01,55.66,1.91,1597.1,99.95402,241,2020,2,-12.553024351924591,-5.44554455445545,2.3342538781420785,-0.23364052217779152,77.80677080411141,3.4347171816708397,1841.9763295338555,-22.146770804111412,-28.463809222810145,-1.5247171816708398,-44.3913458088311,-244.8763295338556,-13.294216956404965,-28.71645732934874,-28.463809222810145
2020-03-01,32.01,1.79,1591.93,99.6959,242,2020,3,-42.490118577075094,-6.282722513089,-0.323711727506093,-0.2582387381718121,77.93569165022336,3.424461962023265,1849.199167021281,-45.925691650223364,-58.9276757256978,-1.634461962023265,-47.729014956194185,-257.26916702128096,-13.91246392543504,-40.18971820244234,-58.9276757256978
2020-04-01,18.38,1.74,1683.17,94.78896,243,2020,4,-42.58044361137144,-2.7932960893854775,5.731407788030873,-4.921907520770652,78.06461249633533,3.4142067423756908,1856.4220045087066,-59.68461249633533,-76.45540096562597,-1.6742067423756908,-49.03647812524486,-173.25200450870648,-9.332576541752251,-44.94148521087436,-76.45540096562597
2020-05-01,29.38,1.75,1715.91,94.27731,244,2020,5,59.847660500544066,0.5747126436781658,1.9451392313313498,-0.5397780501020355,78.1935333424473,3.403951522728116,1863.644841996132,-48.8135333424473,-62.426560427534625,-1.653951522728116,-48.589162086613605,-147.734841996132,-7.927199360469059,-39.64764062487243,-62.426560427534625
2020-06-01,40.27,1.63,1732.22,94.7614,245,2020,6,37.06603131381894,-6.857142857142861,0.9505160527067291,0.5134745571336197,78.32245418855926,3.393696303080542,1870.8676794835576,-38.05245418855926,-48.58434861725473,-1.763696303080542,-51.969774121496705,-138.64767948355757,-7.410875766576419,-35.98833283510928,-48.58434861725473
2020-07-01,43.24,1.76,1846.51,95.0676,246,2020,7,7.375217283337476,7.975460122699385,6.597891722760396,0.3231273493215614,78.45137503467123,3.383441083432967,1878.0905169709831,-35.21137503467123,-44.8830565673447,-1.6234410834329671,-47.98195220192108,-31.580516970983126,-1.681522625539728,-31.515510464935172,-44.8830565673447
2020-08-01,44.74,2.3,1968.63,95.28623,247,2020,8,3.4690101757631764,30.681818181818166,6.613557467871822,0.22997319801909555,78.58029588078318,3.3731858637853924,1885.3133544584084,-33.84029588078318,-43.06460735668829,-1.0731858637853926,-31.815201033158086,83.3166455415917,4.4192465589109435,-23.486853943645144,-43.06460735668829
2020-09-01,40.91,1.92,1921.92,95.23411,248,2020,9,-8.560572194903903,-16.521739130434774,-2.372716051264079,-0.05469835463109973,78.70921672689515,3.362930644137818,1892.536191945834,-37.79921672689515,-48.02387610850034,-1.4429306441378182,-42.906940309729585,29.38380805416614,1.5526153834846785,-29.792733678248414,-48.02387610850034
2020-10-01,40.19,2.39,1900.27,95.33179,249,2020,10,-1.7599608897580055,24.479166666666675,-1.1264776889776895,0.10256829197017314,78.83813757300712,3.3526754244902435,1899.7590294332595,-38.64813757300712,-49.022134163452904,-0.9626754244902433,-28.713648134806043,0.5109705667405251,0.026896598927757642,-25.902961899777065,-49.022134163452904
2020-11-01,42.69,2.61,1866.3,95.65746,250,2020,11,6.220452848967395,9.205020920502083,-1.7876407036894748,0.34161741849176863,78.96705841911908,3.342420204842669,1906.981866920685,-36.277058419119086,-45.93948305200625,-0.7324202048426693,-21.91287031419633,-40.681866920685025,-2.133311680953548,-23.32855501571871,-45.93948305200625
2020-12-01,49.99,2.58,1858.42,95.8925,251,2020,12,17.10002342468964,-1.1494252873563093,-0.4222257943524599,0.24571005753235564,79.09597926523105,3.3321649851950945,1914.2047044081105,-29.10597926523105,-36.79830445948525,-0.7521649851950944,-22.572861444045696,-55.78470440811043,-2.914249676622729,-20.76180519338456,-36.79830445948525
2021-01-01,54.77,2.71,1866.98,95.91834,252,2021,1,9.5619123824765,5.038759689922467,0.4606063214989131,0.02694684151525184,79.224900111343,3.32190976554752,1921.427541895536,-24.454900111343,-30.86769447102361,-0.6119097655475199,-18.420421044960698,-54.447541895536006,-2.83370258353964,-17.373939366507983,-30.86769447102361
2021-02-01,62.28,5.35,1808.17,96.07182,253,2021,2,13.711886069015877,97.41697416974169,-3.1500069631169025,0.16001110944998675,79.35382095745497,3.3116545458999456,1928.6503793829615,-17.07382095745497,-21.516066588159614,2.038345454100054,61.550666769384655,-120.48037938296147,-6.246875051636217,11.262575043196277,-21.516066588159614
2021-03-01,65.41,2.62,1718.23,96.6387,254,2021,3,5.025690430314711,-51.02803738317756,-4.974089825624805,0.5900585624379673,79.48274180356694,3.301399326252371,1935.873216870387,-14.072741803566942,-17.705405581435794,-0.6813993262523708,-20.63971240419046,-217.64321687038705,-11.242637946210037,-16.529251977278765,-17.705405581435794
2021-04-01,64.81,2.66,1760.04,97.23356,255,2021,4,-0.9172909341079283,1.526717557251911,2.433318007484453,0.6155504989201921,79.61166264967889,3.2911441066047966,1943.0960543578126,-14.801662649678889,-18.59232951183515,-0.6311441066047965,-19.177042577327192,-183.05605435781263,-9.420844324564907,-15.730072137909085,-18.59232951183515
2021-05-01,68.53,2.91,1850.26,97.44596,256,2021,5,5.7398549606542115,9.398496240601496,5.126019863184927,0.21844309721870125,79.74058349579087,3.280888886957222,1950.318891845238,-11.210583495790871,-14.058817987433745,-0.3708888869572218,-11.30452446687987,-100.05889184523812,-5.130386228816677,-10.164576227710098,-14.058817987433745
2021-06-01,73.16,3.26,1834.57,97.70968,257,2021,6,6.756165183131468,12.027491408934686,-0.8479889312853373,0.27063205083104336,79.86950434190283,3.270633667309647,1957.5417293326636,-6.709504341902829,-8.400583423156098,-0.010633667309647432,-0.3251255992357731,-122.9717293326637,-6.28194676465903,-5.002551929016967,-8.400583423156098
2021-07-01,75.17,3.84,1807.84,95.90693,258,2021,7,2.7474029524330312,17.791411042944794,-1.4570171756869477,-1.8450065541100957,79.99842518801479,3.260378447662073,1964.7645668200892,-4.828425188014791,-6.03565029769883,0.5796215523379269,17.777738432590777,-156.92456682008924,-7.986939986100563,1.251716049597128,-6.03565029769883
2021-08-01,70.75,4.07,1785.28,95.80419,259,2021,8,-5.880005321271787,5.989583333333348,-1.2478980440746912,-0.10712468848705914,80.12734603412676,3.2501232280144983,1971.9874043075147,-9.37734603412676,-11.703053324807348,0.819876771985502,25.22602112186266,-186.7074043075147,-9.467981585464493,1.3516620705302735,-11.703053324807348
2021-09-01,74.49,5.16,1775.14,97.17868,260,2021,9,5.28621908127207,26.781326781326786,-0.5679781322817656,1.4346867292547305,80.25626688023871,3.239868008366924,1979.2102417949402,-5.766266880238717,-7.184818213440389,1.9201319916330761,59.265747452499795,-204.0702417949401,-10.31069047065305,13.92341292280212,-7.184818213440389
2021-10-01,83.54,5.51,1776.85,98.52543,261,2021,10,12.149281782789645,6.782945736434098,0.09633043027590382,1.3858492418295842,80.3851877263507,3.2296127887193493,1986.4330792823657,3.1548122736493127,3.924618904155583,2.2803872112806505,70.60868780448757,-209.58307928236582,-10.550724384738972,21.327527441301395,3.924618904155583
2021-11-01,81.05,5.05,1821.76,98.63125,262,2021,11,-2.9806080919320244,-8.34845735027223,2.527506542476865,0.10740374337874226,80.51410857246265,3.2193575690717746,1993.6559167697912,0.5358914275373508,0.6655869847395116,1.8306424309282252,56.86359441756721,-171.89591676979126,-8.622145643281542,16.302345253008394,0.6655869847395116
2021-12-01,74.17,3.76,1790.43,98.65418,263,2021,12,-8.48858729179518,-25.544554455445546,-1.7197655014930535,0.023248209872628323,80.64302941857461,3.2091023494242004,2000.8787542572168,-6.473029418574612,-8.026768668345277,0.5508976505757994,17.166721113605035,-210.4487542572167,-10.517816424880841,-0.4592879932070275,-8.026768668345277
2022-01-01,86.51,4.38,1816.02,98.64811,264,2022,1,16.63745449642713,16.48936170212767,1.4292655954156297,-0.006152805689529917,80.77195026468658,3.1988471297766257,2008.1015917446423,5.7380497353134245,7.104012861531826,1.1811528702233742,36.92432999465822,-192.0815917446423,-9.56533237831665,11.487670159291133,7.104012861531826
2022-02-01,97.13,4.69,1856.3,98.63584,265,2022,2,12.276037452317645,7.077625570776269,2.218037246285842,-0.012438150107485502,80.90087111079853,3.1885919101290514,2015.3244292320678,16.229128889201462,20.060511915841683,1.501408089870949,47.08686881822336,-159.02442923206786,-7.890760759182756,19.752206658294096,20.060511915841683
2022-03-01,117.25,4.9,1947.83,98.68075,266,2022,3,20.714506331720383,4.477611940298498,4.930776275386517,0.045531117289621115,81.02979195691051,3.1783366904814767,2022.547266719493,36.220208043089485,44.69986552890377,1.7216633095185236,54.16868875706539,-74.71726671949318,-3.6942160981326384,31.724779395945507,44.69986552890377
2022-04-01,104.58,6.6,1936.86,98.86514,267,2022,4,-10.80597014925373,34.69387755102038,-0.5631908328755597,0.18685508571834042,81.15871280302247,3.168081470833902,2029.7701042069186,23.42128719697753,28.858623292637148,3.4319185291660976,108.3279758036888,-92.91010420691873,-4.577370807381214,44.20307609631491,28.858623292637148
2022-05-01,113.34,8.14,1848.5,99.08733,268,2022,5,8.37636259323007,23.33333333333334,-4.56202306826512,0.224740489923958,81.28763364913443,3.1578262511863278,2036.9929416943442,32.05236635086557,39.43080258580866,4.982173748813673,157.77225700565307,-188.49294169434415,-9.25349017348868,62.64985647265769,39.43080258580866
2022-06-01,122.71,7.7,1836.57,99.319,269,2022,6,8.26716075524969,-5.405405405405405,-0.6453881525561256,0.23380385766778033,81.4165544952464,3.147571031538753,2044.2157791817697,41.29344550475359,50.71873375231638,4.552428968461247,144.6330812822261,-207.64577918176974,-10.157723137470514,61.731363965690655,50.71873375231638
2022-07-01,111.93,7.28,1732.74,99.335,270,2022,7,-8.784940102681105,-5.454545454545457,-5.653473594798997,0.01610970710537174,81.54547534135835,3.137315811891179,2051.438616669195,30.384524658641652,37.26083456065303,4.142684188108822,132.04549482736346,-318.6986166691952,-15.53537181564068,51.2569858574586,37.26083456065303
2022-08-01,100.45,8.81,1764.56,99.25052,271,2022,8,-10.256410256410264,21.016483516483508,1.8363978438773243,-0.08504555292696558,81.67439618747034,3.127060592243604,2058.6614541566205,18.775603812529667,22.98835949693869,5.682939407756397,181.7342274036014,-294.10145415662055,-14.286052403750194,63.4788448322633,22.98835949693869
2022-09-01,89.76,7.88,1680.78,99.11562,272,2022,9,-10.642110502737678,-10.556186152099889,-4.74792582853516,-0.13591868334794643,81.80331703358229,3.1168053725960294,2065.8842916440462,7.956682966417716,9.726601872576024,4.763194627403971,152.82297281965484,-385.10429164404627,-18.641135575776964,47.96947970548464,9.726601872576024
2022-10-01,93.33,5.66,1664.45,99.03558,273,2022,10,3.9772727272727293,-28.17258883248731,-0.9715727221885073,-0.08075417376193217,81.93223787969426,3.106550152948455,2073.107129131472,11.397762120305742,13.911205668569341,2.553449847051545,82.19567434403216,-408.65712913147195,-19.71230156845193,25.464859481383186,13.911205668569341
2022-11-01,91.42,5.45,1725.07,98.85457,274,2022,11,-2.046501660773592,-3.7102473498233257,3.642043918411475,-0.18277269643899308,82.06115872580622,3.0962949333008805,2080.3299666188973,9.358841274193779,11.404714994903738,2.3537050666991197,76.01682389441807,-355.25996661889735,-17.07709701438813,23.44814729164456,11.404714994903738
2022-12-01,80.92,5.53,1797.55,98.92783,275,2022,12,-11.485451761102606,1.4678899082568808,4.201568631997543,0.07410886517438264,82.19007957191818,3.086039713653306,2087.5528041063226,-1.270079571918174,-1.5452954645296648,2.443960286346694,79.19406466268356,-290.0028041063226,-13.891998493924195,21.252256901409904,-1.5452954645296648
2023-01-01,82.5,3.27,1897.71,98.87371,276,2023,1,1.9525457241720279,-40.86799276672694,5.572028594475809,-0.05470654718696677,82.31900041803016,3.0757844940057315,2094.7756415937483,0.1809995819698429,0.21987582581262602,0.1942155059942685,6.314340499887655,-197.0656415937483,-9.407482008136046,-0.9577552274785882,0.21987582581262602
2023-02-01,82.59,2.38,1854.54,98.86864,277,2023,2,0.10909090909090313,-27.217125382262996,-2.2748470525001174,-0.00512775337346838,82.44792126414211,3.065529274358157,2101.998479081174,0.14207873585789343,0.17232543122913846,-0.6855292743581569,-22.362509472420196,-247.45847908117412,-11.772533688480271,-11.320905909890444,0.17232543122913846
2023-03-01,78.43,2.31,1912.73,99.0257,278,2023,3,-5.03692941034023,-2.941176470588225,3.1377053069763905,0.15885724735367202,82.57684211025408,3.0552740547105826,2109.2213165685994,-4.14684211025407,-5.0217978845901285,-0.7452740547105825,-24.393034515562636,-196.49131656859936,-9.3158226225526,-12.910218340901787,-5.0217978845901285
2023-04-01,84.64,2.16,1999.77,99.00867,279,2023,4,7.917888563049846,-6.493506493506485,4.55056385375876,-0.01719755578603044,82.70576295636604,3.045018835063008,2116.4441540560247,1.9342370436339564,2.3386968144582894,-0.8850188350630077,-29.06447818555759,-116.67415405602469,-5.512744280657084,-10.746175217252128,2.3386968144582894
2023-05-01,75.47,2.15,1992.13,99.22572,280,2023,5,-10.834120982986772,-0.4629629629629761,-0.3820439350525229,0.21922322560237184,82.834683802478,3.0347636154154336,2123.6669915434504,-7.364683802477998,-8.890821410074224,-0.8847636154154337,-29.154284403608056,-131.5369915434503,-6.193861470147499,-14.74632242794326,-8.890821410074224
2023-06-01,74.84,2.18,1942.9,99.42737,281,2023,6,-0.8347687822975902,1.3953488372093092,-2.471224267492589,0.2032235190634113,82.96360464858998,3.024508395767859,2130.889829030876,-8.123604648589975,-9.791769153473059,-0.8445083957678587,-27.92217065588459,-187.98982903087608,-8.822128036359976,-15.512022615239209,-9.791769153473059
2023-07-01,80.11,2.55,1951.02,99.42946,282,2023,7,7.04168893639765,16.972477064220158,0.4179319573832885,0.0021020368938806655,83.09252549470193,3.014253176120284,2138.1126665183015,-2.9825254947019317,-3.5894028698069844,-0.4642531761202844,-15.401930395171235,-187.09266651830148,-8.750365191136668,-9.247232818704964,-3.5894028698069844
2023-08-01,86.15,2.58,1918.7,99.53405,283,2023,8,7.539633004618662,1.1764705882353121,-1.6565693842195306,0.10519015189258685,83.2214463408139,3.00399795647271,2145.3355040057268,2.9285536591861074,3.5189891403628137,-0.4239979564727099,-14.114455556107226,-226.63550400572672,-10.564105408340911,-7.053190608028441,3.5189891403628137
2023-09-01,93.72,2.64,1915.95,99.49506,284,2023,9,8.786999419616937,2.3255813953488413,-0.14332621045499705,-0.03917252437733998,83.35036718692587,2.9937427368251353,2152.5583414931525,10.369632813074134,12.441016354275508,-0.35374273682513513,-11.816069980691774,-236.60834149315247,-10.991959517762744,-3.45567104805967,12.441016354275508
2023-10-01,90.6,2.98,1916.25,99.45586,285,2023,10,-3.3290653008962945,12.878787878787868,0.01565802865419741,-0.0393989410127471,83.47928803303782,2.983487517177561,2159.781178980578,7.120711966962176,8.529914586890197,-0.003487517177561017,-0.11689397584140986,-243.5311789805778,-11.275733919281821,-0.9542377694110117,8.529914586890197
2023-11-01,82.94,2.71,1984.11,99.42413,286,2023,11,-8.454746136865342,-9.060402684563762,3.541291585127193,-0.03190360025039363,83.60820887914979,2.9732322975299863,2167.0040164680036,-0.6682088791497875,-0.799214440911705,-0.26323229752998634,-8.853405021486772,-182.89401646800366,-8.439948199362469,-6.030855887253648,-0.799214440911705
2023-12-01,77.63,2.52,2026.18,99.39323,287,2023,12,-6.402218471183996,-7.011070110701101,2.120346150163055,-0.031078974490394984,83.73712972526175,2.9629770778824116,2174.226853955429,-6.107129725261757,-7.293215978740865,-0.4429770778824116,-14.950405158010863,-148.0468539554288,-6.809172358721299,-9.68426449849101,-7.293215978740865
2024-01-01,80.12,3.18,2034.04,99.35863,288,2024,1,3.207522864871848,26.190476190476186,0.38792209971472147,-0.034811224064257296,83.86605057137372,2.9527218582348373,2181.4496914428546,-3.746050571373715,-4.4667067852273075,0.2272781417651628,7.697241822195594,-147.40969144285464,-6.757418794533598,-1.1756279191884371,-4.4667067852273075
2024-02-01,83.48,1.72,2023.24,99.32615,289,2024,2,4.193709435846227,-45.911949685534594,-0.5309630095770013,-0.03268966168313847,83.99497141748569,2.9424666385872627,2188.67252893028,-0.5149714174856825,-0.6130979138335395,-1.2224666385872627,-41.54564142056657,-165.4325289302799,-7.558578395971165,-16.572439243457094,-0.6130979138335395
2024-03-01,85.41,1.49,2158.01,99.31516,290,2024,3,2.3119310014374506,-13.372093023255815,6.661098040766311,-0.01106455852762922,84.12389226359764,2.9322114189396884,2195.8953664177056,1.2861077364023572,1.5288257613810932,-1.4422114189396884,-49.18511024219406,-37.88536641770543,-1.7252810401212362,-16.4605218403114,1.5288257613810932
2024-04-01,89.94,1.6,2331.45,99.34466,291,2024,4,5.303828591499826,7.38255033557047,8.037034119397024,0.029703420907734035,84.2528131097096,2.9219561992921137,2203.118203905131,5.687186890290391,6.750144808678179,-1.3219561992921136,-45.24216343873932,128.33179609486888,5.82500729499646,-10.889003778354892,6.750144808678179
2024-05-01,81.75,2.12,2351.13,99.41989,292,2024,5,-9.1060707138092,32.49999999999999,0.8441098886958986,0.07572626450178532,84.38173395582157,2.911700979644539,2210.3410413925567,-2.6317339558215735,-3.118843181392112,-0.7917009796445389,-27.19032569550428,140.78895860744342,6.369558179978584,-7.979870232305937,-3.118843181392112
2024-06-01,82.25,2.54,2326.44,99.55129,293,2024,6,0.6116207951070374,19.811320754716988,-1.0501333401385704,0.13216671231481847,84.51065480193354,2.9014457599969647,2217.563878879982,-2.2606548019335406,-2.674993830342229,-0.3614457599969647,-12.457436391895287,108.87612112001807,4.909717467756003,-3.4075709181605043,-2.674993830342229
2024-07-01,85.15,2.07,2398.2,99.74041,294,2024,7,3.5258358662614064,-18.50393700787403,3.084541187393608,0.1899724252694357,84.63957564804551,2.89119054034939,2224.7867163674077,0.510424351954498,0.6030563693714415,-0.8211905403493902,-28.403196845343587,173.41328363259208,7.794602617716912,-6.6685126194184114,0.6030563693714415
2024-08-01,80.36,1.99,2470.15,99.94691,295,2024,8,-5.625366999412806,-3.864734299516903,3.0001667917604946,0.20703744851260364,84.76849649415746,2.880935320701816,2232.009553854833,-4.408496494157461,-5.2006307490204335,-0.8909353207018158,-30.92521079177778,238.14044614516706,10.669329158286184,-8.48550412750401,-5.2006307490204335
2024-09-01,74.02,2.28,2570.55,100.1145,296,2024,9,-7.889497262319567,14.572864321608026,4.064530494099561,0.16767902079213304,84.89741734026943,2.870680101054241,2239.2323913422583,-10.877417340269432,-12.812424312829998,-0.5906801010542413,-20.576312241733845,331.31760865774186,14.79603501354948,-6.197567180338122,-12.812424312829998
2024-10-01,75.63,2.2,2690.08,100.2006,297,2024,10,2.175087814104293,-3.50877192982455,4.649977631246216,0.08600152825013474,85.0263381863814,2.8604248814066664,2246.455228829684,-9.3963381863814,-11.05109121103654,-0.6604248814066662,-23.088349066586574,443.62477117031585,19.747768193957157,-4.797224027888653,-11.05109121103654
2024-11-01,74.35,2.12,2651.13,100.2044,298,2024,11,-1.69245008594473,-3.6363636363636376,-1.4479123297448382,0.0037923924607330406,85.15525903249335,2.850169661759092,2253.6780663171094,-10.805259032493353,-12.688892213187101,-0.730169661759092,-25.618463053474493,397.45193368289074,17.6357013729292,-6.890551297910798,-12.688892213187101
2024-12-01,73.86,3.01,2648.01,100.1348,299,2024,12,-0.6590450571620665,41.98113207547167,-0.11768566611217723,-0.06945802779120269,85.28417987860533,2.8399144421115174,2260.900903804535,-11.42417987860533,-13.395426789431127,0.17008555788848234,5.989108522650467,387.1090961954651,17.121895769250948,3.2385258341567624,-13.395426789431127
2025-01-01,79.27,4.13,2709.69,100.0133,300,2025,1,7.324668291362024,37.2093023255814,2.32929633951533,-0.12133643848092346,85.41310072471728,2.829659222463943,2268.1237412919604,-6.143100724717286,-7.192223057814319,1.3003407775360567,45.95397096629102,441.56625870803964,19.468349573225503,19.410032493900733,-7.192223057814319
2025-02-01,75.44,4.19,2894.73,99.87246,301,2025,2,-4.831588242714768,1.4527845036319764,6.828825437596175,-0.1408212707709855,85.54202157082925,2.8194040028163685,2275.346578779386,-10.102021570829251,-11.809425806549035,1.370595997183632,48.612969117391884,619.3834212206139,27.221497902657237,21.34168040450003,-11.809425806549035
2025-03-01,72.73,4.12,2983.25,99.76691,302,2025,3,-3.5922587486744373,-1.670644391408116,3.057970864294779,-0.105684790381666,85.67094241694122,2.8091487831687942,2282.5694162668115,-12.940942416941212,-15.105404530232146,1.3108512168312059,46.66364504027911,700.6805837331885,30.697010953522973,20.751750487856643,-15.105404530232146
2025-04-01,68.13,3.42,3217.64,99.74724,303,2025,4,-6.324762821394215,-16.990291262135926,7.856867510265642,-0.019715955921650874,85.79986326305317,2.7988935635212195,2289.792253754237,-17.669863263053173,-20.59427904783399,0.6211064364787804,22.191141691625514,927.8477462457627,40.52104485568533,14.039302499825618,-20.59427904783399
2025-05-01,64.45,3.12,3309.49,99.82082,304,2025,5,-5.401438426537486,-8.771929824561397,2.8545766462376054,0.07376645208427846,85.92878410916515,2.788638343873645,2297.0150912416625,-21.478784109165147,-24.99602936529184,0.33136165612635526,11.882561137923215,1012.4749087583373,44.077851844283664,10.321461205638347,-24.99602936529184
2025-06-01,71.44,3.02,3352.66,99.96535,305,2025,6,10.845616757176103,-3.205128205128205,1.3044305920247634,0.14478943370732633,86.0577049552771,2.7783831242260706,2304.2379287290883,-14.617704955277105,-16.985933987983653,0.24161687577392943,8.696312386407572,1048.4220712709116,45.49973152508487,12.40336997450293,-16.985933987983653
2025-07-01,71.04,3.2,3340.15,100.1621,306,2025,7,-0.5599104143336975,5.96026490066226,-0.373136554258402,0.19681819750543283,86.18662580138907,2.768127904578496,2311.4607662165135,-15.146625801389064,-17.574218343682908,0.4318720954215043,15.60159466284726,1028.6892337834865,44.50385872078997,14.177078346651442,-17.574218343682908
2025-08-01,67.87,2.91,3368.03,100.3944,307,2025,8,-4.462274774774777,-9.062499999999996,0.8346930527072249,0.23192405111316372,86.31554664750104,2.7578726849309216,2318.6836037039393,-18.445546647501033,-21.369900746651947,0.1521273150690785,5.516110874164191,1049.346396296061,45.256126994636155,9.800779040716133,-21.369900746651947
2025-09-01,67.99,2.97,3667.68,100.634,308,2025,9,0.17680860468540782,2.0618556701030855,8.896892248584475,0.23865872996899906,86.44446749361299,2.747617465283347,2325.9064411913646,-18.454467493612995,-21.34835002017511,0.22238253471665326,8.093649772084271,1341.7735588086352,57.68819996565977,14.811166572522977,-21.34835002017511
2025-10-01,64.54,3.19,4058.33,100.8566,309,2025,10,-5.074275628768921,7.407407407407396,10.651147319286313,0.22119760717054238,86.57338833972497,2.7373622456357722,2333.1292786787903,-22.033388339724965,-25.450532504588075,0.4526377543642277,16.535544577115306,1725.2007213212096,73.9436402897554,21.67621745409421,-25.450532504588075
2025-11-01,63.8,3.79,4087.19,101.0193,310,2025,11,-1.1465757669662402,18.808777429467092,0.7111299475399901,0.16131814873792116,86.70230918583692,2.727107025988198,2340.3521161662156,-22.902309185836927,-26.414877989867986,1.062892974011802,38.97511039658045,1746.8378838337844,74.63996002000415,29.066730808905536,-26.414877989867986
2025-12-01,62.54,4.26,4309.23,101.0912,311,2025,12,-1.9749216300940398,12.401055408970961,5.432583266253821,0.07117451813662967,86.83123003194889,2.7168518063406233,2347.5749536536414,-24.291230031948892,-27.975222766061382,1.5431481936593765,56.799130157116316,1961.6550463463582,83.56091222107061,37.46160653737518,-27.975222766061382
2026-01-01,66.6,7.72,4752.75,101.0643,312,2026,1,6.491845219059789,81.2206572769953,10.292326007198515,-0.026609635655727715,86.96015087806086,2.706596586693049,2354.7977911410667,-20.360150878060864,-23.413196357732538,5.013403413306951,185.22905991810123,2397.9522088589333,101.83261670620793,87.88282675552553,-23.413196357732538
2026-02-01,70.89,3.62,5019.97,100.9319,313,2026,2,6.441441441441453,-53.10880829015543,5.622429119983163,-0.13100570626819463,87.08907172417281,2.6963413670454743,2362.0206286284924,-16.19907172417281,-18.600579158172987,0.9236586329545258,34.255997561860205,2657.949371371508,112.5286265139372,42.72801497254147,-18.600579158172987
2026-03-01,103.13,3.04,4855.54,100.734,314,2026,3,45.47891098885597,-16.022099447513817,-3.275517582774401,-0.19607279759917828,87.21799257028479,2.6860861473978996,2369.2434661159177,15.912007429715203,18.24395054368223,0.3539138526021004,13.175819135396996,2486.2965338840822,104.94052508499934,45.453431588026184,18.24395054368223
2026-04-01,117.29,2.77,4721.42,100.5162,315,2026,4,13.730243382139061,-8.881578947368418,-2.762205645510074,-0.21621299660491422,87.34691341639675,2.6758309277503254,2376.4663036033435,29.94308658360326,34.28064646183863,0.09416907224967463,3.5192459760096355,2344.9536963966566,98.67397205847584,45.49128816544137,34.28064646183863
