date,brent_price,gas_price,gold_price,cci,month_index,year,month,brent_change_percent,gas_change_percent,gold_change_percent,cci_change_percent,brent_arima_prediction,gas_arima_prediction,gold_arima_prediction,brent_arima_gap,gas_arima_gap,gold_arima_gap,brent_arima_gap_percent,gas_arima_gap_percent,gold_arima_gap_percent,global_arima_shock_index,brent_only_arima_shock_index
2000-01-01,25.51,2.42,284.32,101.9894,0,2000,1,,,,,0.0,0.0,0.0,25.51,2.42,284.32,inf,inf,inf,inf,inf
2000-02-01,27.78,2.66,299.86,102.1832,1,2000,2,8.898471187769497,9.917355371900838,5.465672481710748,0.190019747150183,25.510276886313616,2.4200000000000004,285.26317699559615,2.2697231136863856,0.23999999999999977,14.59682300440386,8.89728921328997,9.917355371900815,5.116967131242881,7.9772039054778885,8.89728921328997
2000-03-01,27.49,2.79,286.39,102.1799,2,2000,3,-1.0439164866810735,4.8872180451127845,-4.492096311612093,-0.0032294936936794194,28.467815315218868,2.66,309.8981895704834,-0.9778153152188693,0.1299999999999999,-23.50818957048341,-3.4348098173031567,4.887218045112777,-7.58577828514119,-2.04445668577719,-3.4348098173031567
2000-04-01,22.76,3.04,279.69,101.9936,3,2000,4,-17.20625682066205,8.960573476702516,-2.3394671601661976,-0.18232548671509585,27.31961450794437,2.7899999999998286,283.52307168863325,-4.559614507944367,0.2500000000001714,-3.833071688633254,-16.689893287544233,8.960573476709204,-1.3519434823430372,-3.027087764392689,-16.689893287544233
2000-05-01,27.74,3.59,275.19,101.6725,4,2000,5,21.880492091388383,18.092105263157897,-1.6089241660409703,-0.31482367521099563,21.213946899870724,3.04,278.77529432977576,6.526053100129275,0.5499999999999998,-3.5852943297757633,30.763031183834272,18.09210526315789,-1.2860875417226028,15.856349635089854,30.763031183834272
2000-06-01,29.8,4.29,285.73,101.2825,5,2000,6,7.426099495313632,19.49860724233985,3.830081034921329,-0.3835845484275513,29.34615676001644,3.59,273.4673747296659,0.45384323998355924,0.7000000000000002,12.262625270334127,1.5465167847870003,19.498607242339837,4.484127323215887,8.509750450114241,1.5465167847870003
2000-07-01,28.68,3.99,281.59,100.8771,6,2000,7,-3.7583892617449655,-6.99300699300699,-1.448920309382995,-0.4002665810974304,30.36234201479088,4.29,289.24052071119723,-1.6823420147908799,-0.2999999999999998,-7.6505207111972595,-5.540883552300855,-6.99300699300699,-2.6450376635976953,-5.059642736301846,-5.540883552300855
2000-08-01,30.2,4.43,274.47,100.4885,7,2000,8,5.299860529986056,11.027568922305742,-2.5284988813523035,-0.3852212246386877,28.204845020666305,3.9899999999999998,280.17948978241645,1.9951549793336945,0.43999999999999995,-5.709489782416426,7.073802312587787,11.027568922305765,-2.0377971945235314,5.35452468012334,7.073802312587787
2000-09-01,33.14,5.06,273.68,100.1263,8,2000,9,9.735099337748343,14.22121896162527,-0.287827449265865,-0.3604392542430279,30.577894758127464,4.43,272.46381766037786,2.562105241872537,0.6299999999999999,1.2161823396221507,8.378945843521622,14.221218961625281,0.4463647136949773,7.682176506280626,8.378945843521622
2000-10-01,30.96,5.02,270.0,99.77415,9,2000,10,-6.5781532890766385,-0.7905138339920903,-1.344636071324179,-0.35170579558018167,33.91664681557877,5.06,273.13521014441983,-2.9566468155787717,-0.040000000000000036,-3.1352101444198297,-8.717391290641118,-0.7905138339920956,-1.147860117617971,-3.5519217474170617,-8.717391290641118
2000-11-01,32.55,5.52,266.01,99.42717,10,2000,11,5.135658914728669,9.960159362549792,-1.4777777777777779,-0.3477654282196374,30.083340251894622,5.02,268.2008707278248,2.466659748105375,0.5,-2.1908707278248016,8.199421099689976,9.9601593625498,-0.8168768139638658,5.78090121609197,8.199421099689976
2000-12-01,25.66,8.9,271.45,99.0845,11,2000,12,-21.16743471582181,61.231884057971044,2.0450359009059893,-0.34464422551703233,32.904018946100294,5.52,264.09316640770595,-7.244018946100294,3.380000000000001,7.356833592294038,-22.015605321546406,61.23188405797103,2.7856963102697585,14.000658348898128,-22.015605321546406
2001-01-01,25.62,8.17,265.49,98.75304,12,2001,1,-0.1558846453624252,-8.202247191011235,-2.1956161355682347,-0.3345225539817087,23.374541281173364,8.9,272.3079684872211,2.2454587188266366,-0.7300000000000004,-6.817968487221094,9.60642902812901,-8.20224719101124,-2.503771198873693,-0.3665297872519743,9.60642902812901
2001-02-01,27.5,5.61,261.87,98.44871,13,2001,2,7.338017174082734,-31.33414932680538,-1.363516516629626,-0.3081727914401311,25.644255494688235,8.17,262.8039536250034,1.8557445053117654,-2.5599999999999996,-0.9339536250033689,7.236492031114534,-31.33414932680538,-0.3553803556304306,-8.151012550440425,7.236492031114534
2001-03-01,24.5,5.23,263.03,98.21423,14,2001,3,-10.909090909090914,-6.773618538324422,0.44296788482833804,-0.23817478156901162,28.11045523508942,5.609999999999999,260.1912116206168,-3.6104552350894217,-0.379999999999999,2.8387883793831747,-12.84381631280948,-6.773618538324404,1.0910393020969495,-6.175465183012311,-12.84381631280948
2001-04-01,25.66,5.19,260.48,98.10469,15,2001,4,4.734693877551011,-0.7648183556405397,-0.9694711629851915,-0.11153169963252774,23.56251697500437,5.23,262.42301471162824,2.097483024995629,-0.040000000000000036,-1.9430147116282228,8.901778308406884,-0.7648183556405359,-0.7404132270042569,2.4655155752540305,8.901778308406884
2001-05-01,28.31,4.19,272.36,98.25265,16,2001,5,10.327357755261101,-19.267822736030826,4.560810810810811,0.15081847768949608,26.083343244788523,5.19,258.73675168026716,2.2266567552114758,-1.0,13.623248319732852,8.536699970991501,-19.267822736030826,5.265293094723445,-1.8219432234386268,8.536699970991501
2001-06-01,27.85,3.72,270.23,98.50407,17,2001,6,-1.6248675379724409,-11.217183770883054,-0.7820531649287643,0.2558913169263155,29.148145301767517,4.1899999999999995,275.20158951905927,-1.2981453017675157,-0.4699999999999993,-4.9715895190592505,-4.453612016572449,-11.21718377088304,-1.8065264549334805,-5.8257740807963225,-4.453612016572449
2001-07-01,24.61,3.11,267.53,98.81347,18,2001,7,-11.633752244165175,-16.3978494623656,-0.9991488731821208,0.31409869663252543,27.658553065770143,3.72,268.93657196973413,-3.048553065770143,-0.6100000000000003,-1.4065719697341592,-11.022098873071535,-16.3978494623656,-0.5230125302156575,-9.31432028855093,-11.022098873071535
2001-08-01,25.68,2.97,272.39,99.11714,19,2001,8,4.347826086956519,-4.501607717041789,1.8166186969685638,0.3073164012963092,23.59030514880898,3.11,266.7588399788116,2.0896948511910196,-0.13999999999999968,5.631160021188407,8.858278169820636,-4.50160771704179,2.1109553563944443,2.15587526972443,8.858278169820636
2001-09-01,25.62,2.19,283.42,99.34904,20,2001,9,-0.2336448598130758,-26.262626262626267,4.04934101839276,0.233965588595475,26.072213310532863,2.97,273.61444299493303,-0.45221331053286207,-0.7800000000000002,9.805557005066987,-1.734464600863684,-26.26262626262627,3.5837132344832296,-8.137792543002242,-1.734464600863684
2001-10-01,20.54,2.46,283.06,99.49481,21,2001,10,-19.828259172521477,12.328767123287676,-0.12701997036200785,0.1467251218532084,25.632698351753817,2.1900000000000004,286.5583943216594,-5.092698351753818,0.2699999999999996,-3.4983943216594184,-19.867975980786156,12.32876712328765,-1.2208312131078247,-2.920013356868777,-19.867975980786156
2001-11-01,18.8,2.34,276.16,99.58514,22,2001,11,-8.471275559883152,-4.878048780487809,-2.4376457288207365,0.09078865520724122,19.031078995455335,2.46,283.2425388544846,-0.23107899545533428,-0.1200000000000001,-7.082538854484596,-1.2142190966183077,-4.878048780487809,-2.500520890374888,-2.8642629224936687,-1.2142190966183077
2001-12-01,18.71,2.3,275.85,99.68334,23,2001,12,-0.4787234042553212,-1.7094017094017144,-0.11225376593279046,0.09860908966941029,18.46323077231813,2.34,274.8519928839047,0.24676922768187026,-0.040000000000000036,0.998007116095323,1.33654413317441,-1.7094017094017109,0.36310710561843124,-0.0032501568696232477,1.33654413317441
2002-01-01,19.42,2.32,281.51,99.86117,24,2002,1,3.794762159273124,0.8695652173912993,2.051839767989838,0.1783949053071554,18.920251673996482,2.3,276.2055255323838,0.4997483260035196,0.020000000000000018,5.304474467616217,2.641340795114058,0.8695652173913052,1.920480938023194,1.8104623168428524,2.641340795114058
2002-02-01,20.28,2.32,295.5,100.1566,25,2002,2,4.4284243048403615,0.0,4.9696280771553525,0.2958407156655518,19.86514488557236,2.32,283.2851899265058,0.4148551144276418,0.0,12.21481007349422,2.0883568522520184,0.0,4.311842096885889,2.133399649712636,2.0883568522520184
2002-03-01,23.7,3.03,294.06,100.5586,26,2002,3,16.863905325443774,30.60344827586208,-0.4873096446700531,0.4013714523056988,20.737951608723062,2.32,299.9615893743744,2.9620483912769373,0.71,-5.901589374374396,14.283225494802497,30.60344827586207,-1.9674483611995979,14.306408469821656,14.283225494802497
2002-04-01,25.73,3.43,302.68,100.9649,27,2002,4,8.565400843881864,13.201320132013205,2.9313745494116805,0.4040430157142172,24.896086389689557,3.03,294.3690045895875,0.833913610310443,0.40000000000000036,8.310995410412488,3.3495771072508775,13.201320132013214,2.8233255814414866,6.458074273568527,3.3495771072508775
2002-05-01,25.35,3.5,314.49,101.2745,28,2002,5,-1.4768752429071053,2.0408163265306145,3.901810492929836,0.3066412188790446,26.388765214726128,3.4299999999999997,306.6368118840011,-1.0387652147261264,0.07000000000000028,7.8531881159989325,-3.9363918935716184,2.0408163265306207,2.561071538589355,0.2218319905161191,-3.9363918935716184
2002-06-01,24.08,3.26,321.18,101.4097,29,2002,6,-5.009861932938864,-6.857142857142861,2.127253648764671,0.13349856084206024,25.21299305664524,3.5,319.2165184822444,-1.1329930566452404,-0.2400000000000002,1.9634815177556106,-4.493687259183313,-6.857142857142863,0.6150939578851475,-3.5785787194803427,-4.493687259183313
2002-07-01,25.74,2.99,313.29,101.3369,30,2002,7,6.893687707641205,-8.28220858895704,-2.4565664113581076,-0.07178800450056144,23.68738494181613,3.26,324.97200237480615,2.052615058183868,-0.2699999999999996,-11.682002374806132,8.665435476418159,-8.282208588957042,-3.5947719463329966,-1.07051501962396,8.665435476418159
2002-08-01,26.65,3.09,310.26,101.0767,31,2002,8,3.535353535353547,3.3444816053511683,-0.9671550320789146,-0.2567672782569752,26.273783277839996,2.99,313.141650006383,0.37621672216000235,0.09999999999999964,-2.8816500063829835,1.431909208436356,3.3444816053511586,-0.9202384947273048,1.2853841063534033,1.431909208436356
2002-09-01,28.4,3.55,319.14,100.6703,32,2002,9,6.566604127579745,14.886731391585762,2.862115644942942,-0.4020709025918001,26.902037596146258,3.09,311.4722437695613,1.497962403853741,0.45999999999999996,7.66775623043867,5.568211695861749,14.886731391585762,2.4617783394245425,7.638907142290684,5.568211695861749
2002-10-01,27.54,4.13,316.56,100.189,33,2002,10,-3.028169014084503,16.338028169014084,-0.8084226358337943,-0.47809532702296487,28.876881773281198,3.55,323.21960947080356,-1.336881773281199,0.5800000000000001,-6.659609470803559,-4.6295918782968135,16.338028169014088,-2.0603977220649177,3.2160128562174517,-4.6295918782968135
2002-11-01,24.34,4.04,319.07,99.72822,34,2002,11,-11.619462599854756,-2.1791767554479424,0.7928986606014599,-0.45991076864725366,27.174414344786634,4.13,317.13053143673426,-2.8344143447866337,-0.08999999999999986,1.9394685632657342,-10.430452368996175,-2.1791767554479384,0.6115679100587157,-3.999353738128466,-10.430452368996175
2002-12-01,28.33,4.74,331.92,99.35121,35,2002,12,16.392769104354965,17.32673267326732,4.027329426144743,-0.37803743012759794,23.30100055791104,4.04,321.49798180855856,5.02899944208896,0.7000000000000002,10.422018191441452,21.582761777075447,17.32673267326733,3.2417056346087483,14.050400028317176,21.582761777075447
2003-01-01,31.18,5.43,356.86,99.09132,36,2003,1,10.060007059654087,14.556962025316444,7.513858761147274,-0.26158715127877485,29.567271141134484,4.74,337.1198686716583,1.6127288588655162,0.6899999999999995,19.740131328341704,5.45443930610783,14.556962025316444,5.855522964612871,8.622308098679047,5.45443930610783
2003-02-01,32.77,7.71,358.97,98.97411,37,2003,2,5.099422706863388,41.988950276243095,0.5912682844813055,-0.11828483059868056,31.94150006810569,5.43,366.0155397170501,0.8284999318943136,2.2800000000000002,-7.045539717050076,2.5938040797325908,41.9889502762431,-1.924929122543994,14.219275077810567,2.5938040797325908
2003-03-01,30.61,5.93,340.55,99.00783,38,2003,3,-6.591394568202635,-23.086900129701693,-5.131348023511717,0.03406951575517514,33.062295114844616,7.71,362.16049229738377,-2.452295114844617,-1.7800000000000002,-21.610492297383757,-7.4171956493835856,-23.08690012970169,-5.967103744612364,-12.157066507899215,-7.4171956493835856
2003-04-01,25.0,5.26,328.18,99.18467,39,2003,4,-18.327344005227054,-11.298482293423273,-3.632359418587583,0.1786121360300541,29.727454916188485,5.93,338.52188025587617,-4.727454916188485,-0.6699999999999999,-10.341880255876163,-15.902656078418895,-11.29848229342327,-3.0550108749422984,-10.085383082261487,-15.902656078418895
2003-05-01,25.86,5.81,355.68,99.47421,40,2003,5,3.4399999999999986,10.456273764258551,8.379547809129129,0.2919201122512094,23.15807621716199,5.26,327.16401178510665,2.7019237828380085,0.5499999999999998,28.515988214893355,11.667306720562852,10.456273764258551,8.716113994109994,10.2798981596438,11.667306720562852
2003-06-01,27.65,5.82,356.35,99.81759,41,2003,6,6.921887084300082,0.1721170395869276,0.1883715699505295,0.3451950007946847,26.158479278081806,5.81,365.28532008052434,1.4915207219181923,0.010000000000000675,-8.93532008052432,5.701863269887932,0.17211703958693073,-2.446120768979875,1.1426198468316626,5.701863269887932
2003-07-01,28.35,5.03,351.02,100.1568,42,2003,7,2.5316455696202667,-13.573883161512024,-1.4957204995089235,0.3398298836908564,28.198820396236773,5.82,357.7370446009255,0.1511796037632287,-0.79,-6.717044600925533,0.5361203115553165,-13.573883161512027,-1.8776485975666148,-4.971803815841109,0.5361203115553165
2003-08-01,29.89,4.99,359.77,100.4572,43,2003,8,5.432098765432092,-0.7952286282306154,2.492735456669126,0.299929710214375,28.511129020808028,5.029999999999999,352.07270511643316,1.3788709791919729,-0.03999999999999915,7.697294883566826,4.836255267848718,-0.7952286282305994,2.1862799278976404,2.0757688558385863,4.836255267848718
2003-09-01,27.11,4.62,378.95,100.7265,44,2003,9,-9.300769488123118,-7.414829659318634,5.331183811879825,0.2680743640077532,30.283204559991113,4.99,364.43208960130414,-3.173204559991113,-0.3700000000000001,14.517910398695847,-10.478430556135452,-7.414829659318639,3.9837080248829695,-4.636517396857041,-10.478430556135452
2003-10-01,29.61,4.63,378.92,100.96,45,2003,10,9.221689413500545,0.21645021645020357,-0.007916611690184094,0.2318158577931273,26.15405453983521,4.62,386.50869284694454,3.455945460164788,0.009999999999999787,-7.588692846944525,13.21380382877554,0.2164502164502118,-1.963395128592776,3.8222863055443255,13.21380382877554
2003-11-01,28.75,4.47,389.91,101.1531,46,2003,11,-2.9044241810199267,-3.455723542116629,2.900348358492555,0.19126386687797758,30.34094570316975,4.63,381.35769037577114,-1.5909457031697514,-0.16000000000000014,8.552309624228883,-5.243560035122911,-3.4557235421166337,2.2425952957187927,-2.152229427173584,-5.243560035122911
2003-12-01,29.81,6.13,406.953,101.3276,47,2003,12,3.6869565217391154,37.136465324384794,4.37100869431406,0.17251077821640592,28.387443248490968,4.47,396.374163290866,1.4225567515090312,1.6600000000000001,10.578836709133952,5.011218301897097,37.136465324384794,2.6689016815081925,14.938861769263362,5.011218301897097
2004-01-01,31.28,6.14,413.788,101.4609,48,2004,1,4.931231130493141,0.16313213703098572,1.679555132902344,0.1315534957898823,30.058307985594183,6.13,414.9460528584114,1.2216920144058179,0.009999999999999787,-1.158052858411395,4.064407134930312,0.1631321370309916,-0.27908516069353906,1.3161513704225885,4.064407134930312
2004-02-01,30.86,5.37,404.878,101.5326,49,2004,2,-1.3427109974424645,-12.540716612377844,-2.1532765570775436,0.07066761678637956,31.619716433612673,6.14,419.3583064015811,-0.7597164336126738,-0.7699999999999996,-14.480306401581117,-2.4026668145735592,-12.540716612377844,-3.452967588941627,-6.132117005297677,-2.4026668145735592
2004-03-01,33.63,5.39,406.667,101.5667,50,2004,3,8.97602073882049,0.3724394785847185,0.44186149901945804,0.033585272119496246,30.58630106206131,5.37,406.2500369015487,3.043698937938693,0.019999999999999574,0.41696309845127644,9.951183478390728,0.37243947858472204,0.10263706106501203,3.4754200060134877,9.951183478390728
2004-04-01,33.59,5.71,403.26,101.5838,51,2004,4,-0.11894142134998287,5.936920222634523,-0.8377861985358948,0.016836226834193724,34.33675344478107,5.39,410.9259960148186,-0.7467534447810635,0.3200000000000003,-7.6659960148186315,-2.17479339152422,5.936920222634514,-1.86554174940594,0.6321950272347847,-2.17479339152422
2004-05-01,37.57,6.33,383.78,101.6199,52,2004,5,11.848764513247989,10.858143607705784,-4.8306303625452625,0.03553716242157279,33.36442000932619,5.71,405.09140383763014,4.205579990673812,0.6200000000000001,-21.311403837630166,12.604984559894184,10.858143607705781,-5.26088769984669,6.067413489251091,12.604984559894184
2004-06-01,35.18,6.27,392.37,101.7211,53,2004,6,-6.361458610593562,-0.9478672985782088,2.2382615039866716,0.09958679353159194,38.56483839257771,6.33,380.6117580639819,-3.384838392577713,-0.0600000000000005,11.758241936018123,-8.777006552241037,-0.947867298578207,3.0893007603936216,-2.2118576968085404,-8.777006552241037
2004-07-01,38.22,5.93,398.09,101.9094,54,2004,7,8.641273450824327,-5.4226475279106845,1.4578076815250807,0.18511400289615842,34.13388380613718,6.27,396.8577178461393,4.086116193862821,-0.33999999999999986,1.2322821538606945,11.970850481210547,-5.422647527910684,0.310509812067822,2.2862375884558954,11.970850481210547
2004-08-01,42.74,5.41,400.51,102.1721,55,2004,8,11.82626896912613,-8.768971332209096,0.6079027355623046,0.25777798711403843,38.90100511471224,5.93,400.67485354503924,3.838994885287761,-0.5199999999999996,-0.1648535450392501,9.868626463422316,-8.7689713322091,-0.04114397087331041,0.3528370534466354,9.868626463422316
2004-09-01,43.2,5.15,405.28,102.4988,56,2004,9,1.076275152082351,-4.805914972273562,1.1909814985892941,0.31975461011373163,43.77562800117125,5.41,402.79342358285516,-0.5756280011712462,-0.2599999999999998,2.4865764171448177,-1.3149508698215473,-4.8059149722735635,0.6173329234193232,-1.8345109728919289,-1.3149508698215473
2004-10-01,49.78,6.35,420.46,102.8259,57,2004,10,15.23148148148148,23.300970873786397,3.745558626135015,0.319125687325128,42.87730028211539,5.15,408.3340296501108,6.902699717884609,1.1999999999999993,12.1259703498892,16.098727467605517,23.30097087378639,2.9696203278182773,14.123106223070062,16.098727467605517
2004-11-01,43.11,6.17,439.375,103.0592,58,2004,11,-13.398955403776625,-2.8346456692913358,4.498644341911251,0.22688836178432759,51.30323127756792,6.35,426.69224674546956,-8.193231277567918,-0.17999999999999972,12.68275325453044,-15.970205138229504,-2.8346456692913344,2.972342092284596,-5.277502905078748,-15.970205138229504
2004-12-01,39.6,6.58,442.08,103.1273,59,2004,12,-8.14196242171189,6.645056726094012,0.6156472261735324,0.06607852574054274,40.44592236304502,6.17,447.09123247333787,-0.8459223630450197,0.41000000000000014,-5.011232473337884,-2.091489855150217,6.645056726094005,-1.120852324841044,1.144238182034248,-2.091489855150217
2005-01-01,44.51,6.15,424.03,102.9981,60,2005,1,12.398989898989887,-6.5349544072948245,-4.082971407889979,-0.12528205431540096,38.13472791073482,6.58,445.8058661096979,6.375272089265181,-0.4299999999999997,-21.775866109697915,16.717759476843046,-6.534954407294828,-4.884607351564011,1.7660659059947357,16.717759476843046
2005-02-01,45.48,6.14,423.35,102.716,61,2005,2,2.17928555380813,-0.1626016260162677,-0.16036601183877508,-0.273888547458645,45.71201896535494,6.15,422.09632758263723,-0.23201896535494626,-0.010000000000000675,1.2536724173627931,-0.5075666544739427,-0.16260162601627112,0.2970109748508417,-0.12438576854645737,-0.5075666544739427
2005-03-01,53.1,6.96,433.85,102.3326,62,2005,3,16.75461741424804,13.35504885993486,2.480217314278965,-0.37326219868374366,45.34491458769293,6.14,425.9721273878025,7.755085412307075,0.8200000000000003,7.877872612197507,17.102436916733954,13.35504885993486,1.8493868743260609,10.768957550331622,17.102436916733954
2005-04-01,51.88,7.16,429.233,101.9359,63,2005,4,-2.2975517890772124,2.8735632183908066,-1.0641926933271928,-0.3876575011286687,54.95181910994045,6.96,438.60218298627774,-3.0718191099404493,0.20000000000000018,-9.369182986277735,-5.590022604701681,2.8735632183908075,-2.136145999658844,-1.6175351286565725,-5.590022604701681
2005-05-01,48.65,6.47,421.87,101.5586,64,2005,5,-6.225905936777187,-9.636871508379896,-1.7153853501478245,-0.37013456495700314,50.83701764862457,7.16,429.61200318284125,-2.1870176486245683,-0.6900000000000004,-7.742003182841245,-4.302017997477355,-9.636871508379894,-1.8020919167722316,-5.24699380754316,-4.302017997477355
2005-06-01,54.35,7.18,430.66,101.1589,65,2005,6,11.716341212744098,10.973724884080372,2.0835802498400113,-0.39356588216064026,47.0701647594589,6.47,421.69364662546246,7.279835240541104,0.71,8.966353374537562,15.465922581199798,10.973724884080372,2.1262718673353045,9.521973110871825,15.465922581199798
2005-07-01,57.52,7.63,424.48,100.6935,66,2005,7,5.83256669733212,6.267409470752083,-1.4350067338503747,-0.46006826883250307,55.589632537352834,7.18,434.6807837439558,1.930367462647169,0.4500000000000002,-10.20078374395581,3.4725314317378873,6.267409470752091,-2.3467298591152987,2.4644036811248933,3.4725314317378873
2005-08-01,63.98,9.53,437.93,100.143,67,2005,8,11.230876216967989,24.901703800786358,3.1685827365246944,-0.5467085760252677,57.82892146250387,7.63,423.6720801192899,6.151078537496126,1.8999999999999995,14.25791988071012,10.63668209943094,24.90170380078636,3.3653196775901852,12.967901859269162,10.63668209943094
2005-09-01,62.91,11.75,456.05,99.54276,68,2005,9,-1.6723976242575822,23.294858342077653,4.137647569246217,-0.5993828824780612,65.2004907371206,9.53,443.39588116077425,-2.2904907371206065,2.2200000000000006,12.65411883922576,-3.5129961618779064,23.294858342077656,2.8539098753236742,7.5452573518411405,-3.5129961618779064
2005-10-01,58.54,13.42,469.9,98.98481,69,2005,10,-6.946431409950716,14.212765957446805,3.0369477031027214,-0.5605128891342792,61.67999066384944,11.75,462.58818076663704,-3.1399906638494386,1.67,7.3118192333629395,-5.090776814416386,14.212765957446807,1.5806325231321787,3.567540555387534,-5.090776814416386
2005-11-01,55.24,10.3,476.67,98.58587,70,2005,11,-5.637171165015364,-23.248882265275704,1.4407320706533389,-0.4030315358487746,56.38950320499406,13.42,476.1926471381814,-1.1495032049940548,-3.119999999999999,0.4773528618185878,-2.0385056431783757,-23.248882265275704,0.10024364397211485,-8.395714754827322,-2.0385056431783757
2005-12-01,56.86,13.05,510.097,98.38454,71,2005,12,2.9326574945691464,26.69902912621358,7.012608303438439,-0.20421790668379014,53.590501564832714,10.3,481.67037090086745,3.2694984351672858,2.75,28.426629099132526,6.100891650009866,26.699029126213592,5.901676917757312,12.900532564660258,6.100891650009866
2006-01-01,62.99,8.69,549.864,98.32683,72,2006,1,10.78086528315161,-33.40996168582377,7.795968217809568,-0.05865758990182268,56.82734342910492,13.05,523.5846472315452,6.162656570895081,-4.360000000000001,26.279352768454828,10.844526946052504,-33.40996168582377,5.019122105166176,-5.848770878201695,10.844526946052504
2006-02-01,60.21,7.54,554.995,98.35523,73,2006,2,-4.413398952214642,-13.233601841196773,0.9331398309400107,0.028883266144141828,64.28219793857244,8.690000000000001,565.79174097702,-4.072197938572437,-1.1500000000000012,-10.796740977020022,-6.33487663639597,-13.23360184119679,-1.9082535489782873,-7.158910675523683,-6.33487663639597
2006-03-01,62.06,6.89,557.093,98.43644,74,2006,3,3.072579305763168,-8.62068965517242,0.3780214236164259,0.08256805459150307,58.640373964434936,7.54,562.5297211577356,3.4196260355650665,-0.6500000000000004,-5.436721157735633,5.831521534359673,-8.620689655172418,-0.9664771394738721,-1.2518817534288724,5.831521534359673
2006-04-01,70.26,7.16,610.65,98.52666,75,2006,4,13.213019658395098,3.918722786647333,9.61365517068067,0.09165305043539185,62.00582622311095,6.89,564.9996569220715,8.254173776889054,0.27000000000000046,45.65034307792848,13.31193257096305,3.9187227866473218,8.07971164559926,8.436789001069878,13.31193257096305
2006-05-01,69.78,6.25,675.393,98.60896,76,2006,5,-0.6831767719897575,-12.709497206703912,10.602309014984046,0.08353069108399946,72.08044275103086,7.16,633.3734099326805,-2.3004427510308574,-0.9100000000000001,42.01959006731954,-3.1914936468643678,-12.709497206703912,6.634252308095108,-3.088912848491057,-3.1914936468643678
2006-06-01,68.56,6.21,596.145,98.71476,77,2006,6,-1.748351963313266,-0.6399999999999961,-11.733612874282095,0.10729248133232172,68.74313698453115,6.25,701.973180905863,-0.18313698453114569,-0.040000000000000036,-105.82818090586306,-0.2664076627349082,-0.6400000000000006,-15.075815399285887,-5.327407687340265,-0.2664076627349082
2006-07-01,73.67,6.17,633.71,98.88143,78,2006,7,7.453325554259038,-0.6441223832528209,6.301319309899456,0.1688399992057832,67.35289338611409,6.21,582.4757900790096,6.317106613885912,-0.040000000000000036,51.23420992099045,9.379116911387637,-0.6441223832528187,8.7959380962496,5.84364420812814,9.379116911387637
2006-08-01,73.23,7.14,632.593,99.125,79,2006,8,-0.597258042622506,15.721231766612643,-0.17626359060138874,0.24632532114472472,74.44256880319006,6.17,655.8791061112524,-1.2125688031900523,0.9699999999999998,-23.28610611125248,-1.6288648050228092,15.721231766612636,-3.550365592421023,3.514000456389601,-1.6288648050228092
2006-09-01,61.96,4.9,598.19,99.44392,80,2006,9,-15.389867540625435,-31.37254901960783,-5.438409846457349,0.32173518284994707,72.19440701442247,7.14,637.7761263499177,-10.234407014422466,-2.2399999999999993,-39.58612634991766,-14.176177127374856,-31.37254901960784,-6.206899994277713,-17.251875380420135,-14.176177127374856
2006-10-01,57.81,5.85,585.78,99.80614,81,2006,10,-6.697869593285988,19.387755102040806,-2.0745916849161827,0.36424549635614145,57.7169743743119,4.9,595.8054502094617,0.09302562568809947,0.9499999999999993,-10.025450209461724,0.16117550633337147,19.387755102040803,-1.6826717858886941,5.95541960749516,0.16117550633337147
2006-11-01,58.76,7.41,627.827,100.1633,82,2006,11,1.6433143054834787,26.666666666666682,7.177950766499364,0.3578537352511679,56.11792749215409,5.85,587.943955313103,2.64207250784591,1.5600000000000005,39.88304468689705,4.708072136511636,26.66666666666668,6.78347729005187,12.71940536441006,4.708072136511636
2006-12-01,62.47,6.73,629.791,100.4418,83,2006,12,6.313818924438386,-9.176788124156543,0.3128250298251034,0.2780459509620803,58.75831317111749,7.41,643.9737666314315,3.711686828882506,-0.6799999999999997,-14.182766631431491,6.316870972917883,-9.176788124156541,-2.202382669346961,-1.6874332735285398,6.316870972917883
2007-01-01,53.68,6.55,631.17,100.6347,84,2007,1,-14.070753961901715,-2.6745913818722267,0.21896152850706674,0.19205151640053764,63.279130038504505,6.73,633.9164474710008,-9.599130038504505,-0.1800000000000006,-2.746447471000806,-15.169503804277277,-2.6745913818722227,-0.433250703930733,-6.092448630026744,-15.169503804277277
2007-02-01,57.56,8.0,664.75,100.7823,85,2007,2,7.2280178837556,22.137404580152676,5.320278213476559,0.14666909127767358,50.61726397909819,6.55,637.150578426885,6.942736020901812,1.4500000000000002,27.599421573115023,13.716142428734857,22.137404580152676,4.331695286419982,13.395080765102504,13.716142428734857
2007-03-01,62.05,7.11,654.895,100.9291,86,2007,3,7.800555941626119,-11.124999999999996,-1.4825122226400977,0.14566049792472668,58.618335395329694,8.0,679.5778125113658,3.4316646046703028,-0.8899999999999997,-24.682812511365796,5.854251202335769,-11.124999999999996,-3.63208039711464,-2.967609731592956,5.854251202335769
2007-04-01,67.49,7.6,679.368,101.0987,87,2007,4,8.767123287671218,6.891701828410679,3.736934928500002,0.16803875195556817,63.1677513116844,7.11,656.878594129911,4.322248688315597,0.4899999999999993,22.48940587008906,6.842492567114848,6.891701828410679,3.4236776888548337,5.719290694793454,6.842492567114848
2007-05-01,67.21,7.64,667.31,101.2628,88,2007,5,-0.41487627796711335,0.5263157894736858,-1.774884893018236,0.1623166272167742,68.75433604578267,7.6,692.8706837469477,-1.5443360457826714,0.040000000000000036,-25.560683746947802,-2.2461653105839274,0.5263157894736847,-3.6890987519805574,-1.8029827576969335,-2.2461653105839274
2007-06-01,71.05,7.35,655.66,101.384,89,2007,6,5.713435500669539,-3.79581151832461,-1.7458152882468436,0.1196885727039021,66.58802886055517,7.64,668.6879238727528,4.461971139444827,-0.29000000000000004,-13.027923872752808,6.700860824081205,-3.7958115183246077,-1.948281613536652,0.31892256407331493,6.700860824081205
2007-07-01,76.93,6.22,665.38,101.4421,90,2007,7,8.275862068965534,-15.374149659863946,1.4824756733673006,0.05730687287934799,71.69908103023737,7.35,657.9719103142668,5.230918969762641,-1.13,7.408089685733216,7.295656924189344,-15.374149659863946,1.1258975603069277,-2.317531725122558,7.295656924189344
2007-08-01,70.76,6.22,665.411,101.4328,91,2007,8,-8.020278174964258,0.0,0.004658991854267214,-0.009167791281916582,78.08637510109752,6.219999999999999,672.4126972485237,-7.326375101097511,8.881784197001252e-16,-7.001697248523783,-9.382398775218007,1.4279395815114558e-14,-1.0412797493524957,-3.474559508190163,-9.382398775218007
2007-09-01,77.17,6.08,712.65,101.3761,92,2007,9,9.058790276992656,-2.2508038585209,7.0992213834757845,-0.05589907801027971,68.12054619292672,6.22,668.8633852291131,9.049453807073277,-0.13999999999999968,43.7866147708869,13.284470417257054,-2.250803858520895,6.5464212480233455,5.860029268919835,13.284470417257054
2007-10-01,82.34,6.74,754.604,101.2642,93,2007,10,6.699494622262536,10.855263157894735,5.887041324633424,-0.11038104642020485,78.55259077813635,6.08,730.6812808296497,3.787409221863655,0.6600000000000001,23.92271917035032,4.821494981064086,10.855263157894738,3.27402929266059,6.316929143873138,4.821494981064086
2007-11-01,92.41,7.1,806.248,101.0832,94,2007,11,12.229778965265957,5.3412462908011715,6.843854525022386,-0.1787403643143337,83.15932060349182,6.74,771.3964528167564,9.250679396508176,0.35999999999999943,34.85154718324361,11.12404397892561,5.341246290801179,4.517981260606408,6.994423843444398,11.12404397892561
2007-12-01,90.93,7.11,803.2,100.821,95,2007,12,-1.601558272914172,0.14084507042253502,-0.378047449420027,-0.25939028443896506,94.56253014992986,7.1,828.9177296476682,-3.632530149929849,0.010000000000000675,-25.717729647668193,-3.8414054109703235,0.1408450704225447,-3.1025672063498417,-2.267709182299207,-3.8414054109703235
2008-01-01,92.18,7.99,889.595,100.4662,96,2008,1,1.374683822720768,12.376933895921226,10.756349601593618,-0.3519108122315706,89.30909777810584,7.11,811.2771476095676,2.8709022218941698,0.8799999999999999,78.31785239043245,3.2145686087067076,12.376933895921235,9.653649510675411,8.415050671767785,3.2145686087067076
2008-02-01,94.99,8.54,922.3,100.0105,97,2008,2,3.0483835973095896,6.883604505632035,3.676392066052525,-0.4535853849354399,91.47775318687648,7.99,926.2598536456424,3.512246813123511,0.5499999999999989,-3.959853645642397,3.8394546113834616,6.883604505632027,-0.4275100156891083,3.4318497004421267,3.8394546113834616
2008-03-01,103.64,9.41,968.43,99.44715,98,2008,3,9.10622170754818,10.187353629976602,5.001626368860457,-0.5632908544602855,94.75986296191323,8.54,942.5638076465606,8.880137038086772,0.870000000000001,25.866192353439374,9.371200802238349,10.187353629976593,2.744237805822754,7.434264079345898,9.371200802238349
2008-04-01,109.07,10.18,909.71,98.82622,99,2008,4,5.2392898494789675,8.182784272051013,-6.063422240120597,-0.6243818953082014,105.11803750680005,9.41,997.1605784362174,3.951962493199943,0.7699999999999996,-87.45057843621737,3.759547444884796,8.182784272051006,-8.769959455613504,1.0574574204407654,3.759547444884796
2008-05-01,122.8,11.27,888.663,98.2046,100,2008,5,12.588246080498777,10.707269155206278,-2.313594442184874,-0.6290031127366924,109.33837536762792,10.18,906.832861048281,13.461624632372079,1.0899999999999999,-18.16986104828095,12.311893776645318,10.707269155206285,-2.0036615156708093,7.005167138726931,12.311893776645318
2008-06-01,132.32,12.69,889.49,97.63243,101,2008,6,7.75244299674267,12.599822537710725,0.09306114916454167,-0.5826305488744965,125.44178430354151,11.27,897.0240450876796,6.878215696458483,1.42,-7.534045087679601,5.483193446782226,12.599822537710736,-0.8398933260415763,5.747707552817129,5.483193446782226
2008-07-01,132.72,11.09,939.77,97.16253,102,2008,7,0.30229746070133956,-12.608353033884946,5.652677376923854,-0.48129499593525527,133.30073786104387,12.69,898.9927063052244,-0.5807378610438718,-1.5999999999999996,40.77729369477561,-0.435659899834349,-12.608353033884947,4.535887044330588,-2.8360419631295692,-0.435659899834349
2008-08-01,113.24,8.26,839.03,96.80969,103,2008,8,-14.67751657625076,-25.518485121731295,-10.71964416825394,-0.3631441050371942,130.71793277696122,11.09,963.0049078709318,-17.477932776961225,-2.83,-123.97490787093182,-13.370723056631507,-25.51848512173129,-12.873756598501963,-17.254321592288253,-13.370723056631507
2008-09-01,97.23,7.67,829.93,96.55627,104,2008,9,-14.138113740727654,-7.14285714285714,-1.0845857716649032,-0.261771316487025,105.3294665147006,8.26,816.7777251342155,-8.099466514700595,-0.5899999999999999,13.15227486578442,-7.689649233692995,-7.1428571428571415,1.6102636569359423,-4.407414239871398,-7.689649233692995
2008-10-01,71.58,6.74,806.62,96.42978,105,2008,10,-26.380746683122503,-12.125162972620595,-2.8086706107743997,-0.1310013321765724,91.09327136273586,7.67,835.5055169965588,-19.513271362735864,-0.9299999999999997,-28.88551699655875,-21.421199470412574,-12.125162972620595,-3.457250300440293,-12.33453758115782,-21.421199470412574
2008-11-01,52.45,6.68,760.86,96.46437,106,2008,11,-26.725342274378317,-0.8902077151335397,-5.673055466018695,0.03587066153216689,63.12727711418251,6.74,800.8979813966072,-10.677277114182509,-0.0600000000000005,-40.037981396607165,-16.913888262390607,-0.8902077151335385,-4.999136260374745,-7.601077412632963,-16.913888262390607
2008-12-01,39.95,5.82,816.09,96.63101,107,2008,12,-23.83222116301239,-12.874251497005984,7.2588912546329265,0.17274772022042306,46.83962083036484,6.68,748.5711195143673,-6.889620830364834,-0.8599999999999994,67.51888048563274,-14.708959441231176,-12.87425149700598,9.019701498694655,-6.187836479847501,-14.708959441231176
2009-01-01,43.44,5.24,858.69,96.89746,108,2009,1,8.735919899874833,-9.965635738831613,5.2200124986214735,0.2757396409289292,36.96288140837473,5.82,831.9816610060152,6.4771185916252705,-0.5800000000000001,26.708338993984853,17.523305394037113,-9.965635738831615,3.2102076579055447,3.5892924377036812,17.523305394037113
2009-02-01,43.32,4.52,943.0,97.25518,109,2009,2,-0.2762430939226457,-13.740458015267187,9.818444374570557,0.36917376368792443,45.647124131823475,5.24,869.6612106859801,-2.3271241318234743,-0.7200000000000006,73.33878931401989,-5.098073922692295,-13.740458015267187,8.433029829647223,-3.4685007027707524,-5.098073922692295
2009-03-01,46.54,3.96,924.273,97.70937,110,2009,3,7.433056325023091,-12.389380530973447,-1.9858960763520672,0.46700854391510394,44.277801720845545,4.52,971.0076368163705,2.262198279154454,-0.5599999999999996,-46.734636816370426,5.109102510139825,-12.389380530973444,-4.813004042851675,-4.031094021228431,5.109102510139825
2009-04-01,50.18,3.5,890.2,98.23094,111,2009,4,7.8212290502793325,-11.616161616161612,-3.686464929733957,0.5337973215874703,48.466139796040764,3.96,923.930167018448,1.7138602039592357,-0.45999999999999996,-33.7301670184479,3.5362011729666207,-11.616161616161616,-3.6507268863507534,-3.910229109848583,3.5362011729666207
2009-05-01,57.3,3.83,928.645,98.76735,112,2009,5,14.188919888401742,9.42857142857143,4.318692428667714,0.5460703114517518,52.08659819210532,3.5,888.5810277950791,5.213401807894677,0.33000000000000007,40.0639722049209,10.009104047583708,9.42857142857143,4.508758453276395,7.982144643143845,10.009104047583708
2009-06-01,68.61,3.8,945.67,99.27216,113,2009,6,19.73821989528797,-0.7832898172323799,1.8333162834021532,0.511110199878817,60.09987852333847,3.83,945.6199513747471,8.510121476661531,-0.03000000000000025,0.05004862525288445,14.1599645219862,-0.7832898172323824,0.0052926786474971795,4.4606557944671055,14.1599645219862
2009-07-01,64.44,3.38,934.23,99.70781,114,2009,7,-6.07783121993879,-11.05263157894737,-1.209724322438055,0.43884408277203857,72.40772481626482,3.8,954.8944714574691,-7.96772481626482,-0.41999999999999993,-20.664471457469062,-11.003970690258512,-11.052631578947366,-2.164058131568045,-8.073553466924642,-11.003970690258512
2009-08-01,72.51,3.14,949.38,100.0306,115,2009,8,12.523277467411553,-7.100591715976323,1.6216563373045112,0.32373592399632667,63.188579556812186,3.38,937.1299429983685,9.321420443187819,-0.23999999999999977,12.25005700163149,14.751748668138722,-7.100591715976325,1.30718873013887,2.9861152274337557,14.751748668138722
2009-09-01,67.65,2.99,996.59,100.2295,116,2009,9,-6.70252378982209,-4.777070063694266,4.972719037687767,0.19883915521849982,75.0797911133755,3.14,959.9239096511769,-7.429791113375501,-0.1499999999999999,36.666090348823104,-9.895860128534482,-4.777070063694264,3.8196871627197053,-3.6177476765030137,-9.895860128534482
2009-10-01,72.77,4.01,1043.16,100.3226,117,2009,10,7.5683665927568144,34.113712374581915,4.672934707352083,0.09288682473722609,66.05572908894737,2.99,1015.8312470948892,6.714270911052623,1.0199999999999996,27.328752905110832,10.16455499569389,34.11371237458192,2.690284728222978,15.65618403283293,10.16455499569389
2009-11-01,76.66,3.66,1127.04,100.333,118,2009,11,5.34560945444551,-8.728179551122183,8.0409524905096,0.01036655748556381,74.34529968391904,4.01,1063.5482210481307,2.314700316080959,-0.34999999999999964,63.491778951869264,3.1134454039757284,-8.728179551122187,5.969807263585837,0.1183577054797927,3.1134454039757284
2009-12-01,74.46,5.35,1134.724,100.3075,119,2009,12,-2.869814766501444,46.174863387978114,0.6817859170925589,-0.025415366828451802,77.69401962634603,3.66,1161.3060162958295,-3.23401962634604,1.6899999999999995,-26.58201629582959,-4.162507799055082,46.17486338797813,-2.288976025511102,13.241126521137312,-4.162507799055082
2010-01-01,76.17,5.83,1117.963,100.2788,120,2010,1,2.2965350523771244,8.971962616822449,-1.4770992770048008,-0.028612018044515963,73.53811672374648,5.35,1148.5876171957598,2.631883276253518,0.4800000000000004,-30.62461719575981,3.5789375544392286,8.97196261682244,-2.666284812518599,3.2948717862476897,3.5789375544392286
2010-02-01,73.75,5.32,1095.413,100.2677,121,2010,2,-3.177103846658791,-8.747855917667236,-2.017061387541441,-0.011069139239794357,76.50823359526521,5.83,1127.5500607761767,-2.75823359526521,-0.5099999999999998,-32.13706077617667,-3.6051460942837745,-8.747855917667234,-2.8501670918322097,-5.067723034594406,-3.6051460942837745
2010-03-01,78.83,4.29,1113.337,100.2649,122,2010,3,6.888135593220346,-19.3609022556391,1.6362778239805476,-0.0027925244121540516,72.79601178847155,5.32,1101.0647511108405,6.033988211528452,-1.0300000000000002,12.272248889159528,8.288899437323343,-19.3609022556391,1.114580125898892,-3.319140897472289,8.288899437323343
2010-04-01,84.82,4.03,1148.69,100.2496,123,2010,4,7.598629963211967,-6.060606060606055,3.1754087037437984,-0.01525957737952277,80.22228105137738,4.29,1128.8165005753515,4.597718948622614,-0.2599999999999998,19.87349942464857,5.731224403452279,-6.060606060606056,1.7605606770027864,0.477059673283003,5.731224403452279
2010-05-01,75.95,4.14,1205.434,100.2312,124,2010,5,-10.45743928318792,2.7295285359801413,4.939888046383256,-0.01835418794688959,86.32326255055396,4.03,1167.7465646670487,-10.37326255055396,0.10999999999999943,37.68743533295128,-12.01676378308687,2.7295285359801347,3.2273642649247987,-2.0199569940606454,-12.01676378308687
2010-06-01,74.76,4.8,1232.92,100.2441,125,2010,6,-1.5668202764976935,15.94202898550725,2.2801746093108477,0.012870243995877217,72.79544483625709,4.14,1231.98717218096,1.964555163742915,0.6600000000000001,0.9328278190400852,2.698733647636744,15.94202898550725,0.07571733213656116,6.2388266550935185,2.698733647636744
2010-07-01,75.58,4.63,1192.97,100.2971,126,2010,7,1.0968432316746934,-3.541666666666665,-3.2402751192291523,0.05287094203050291,74.23034649984044,4.799999999999999,1252.3857870677618,1.3496535001595618,-0.16999999999999904,-59.41578706776181,1.8181964166938962,-3.541666666666647,-4.744208029290502,-2.1558927597544177,1.8181964166938962
2010-08-01,77.04,4.32,1215.81,100.376,127,2010,8,1.93172797036254,-6.6954643628509665,1.9145494019128684,0.07866628247477081,75.70164178435492,4.63,1194.1435104009458,1.338358215645087,-0.3099999999999996,21.666489599054103,1.7679381636894465,-6.695464362850964,1.8143957916565117,-1.037710135835002,1.7679381636894465
2010-09-01,77.84,3.89,1270.98,100.4723,128,2010,9,1.038421599169248,-9.95370370370371,4.537715597009417,0.09593926835100852,77.33215452192277,4.32,1234.9004264101256,0.507845478077229,-0.43000000000000016,36.07957358987437,0.6567067492387797,-9.953703703703706,2.9216585255183887,-2.125112809648846,0.6567067492387797
2010-10-01,82.67,3.43,1342.024,100.5757,129,2010,10,6.205035971223016,-11.82519280205655,5.589702434342003,0.10291393747330346,77.89117363120279,3.89,1296.7369944520583,4.778826368797212,-0.45999999999999996,45.28700554794159,6.135260448666342,-11.825192802056554,3.4923817043623253,-0.7325168830092955,6.135260448666342
2010-11-01,85.28,3.71,1369.89,100.6575,130,2010,11,3.157130760856419,8.163265306122437,2.076415921026764,0.08133177298292882,83.91505846744697,3.43,1374.438969309481,1.3649415325530327,0.2799999999999998,-4.548969309480981,1.6265752029268172,8.163265306122442,-0.3309691744091326,3.152957111546709,1.6265752029268172
2010-12-01,91.45,4.25,1390.55,100.7073,131,2010,12,7.234990619136972,14.555256064690036,1.5081502894392917,0.04947470382237196,85.70543729968477,3.71,1392.068148133824,5.744562700315228,0.54,-1.51814813382407,6.702681744949637,14.555256064690028,-0.10905702683157187,7.049626927602698,6.702681744949637
2011-01-01,96.52,4.49,1360.46,100.729,132,2011,1,5.54401312192454,5.647058823529427,-2.1638919851857175,0.021547593868564974,92.8748589216411,4.25,1413.0022815783764,3.64514107835889,0.2400000000000002,-52.54228157837633,3.92478774200272,5.647058823529417,-3.7184852610205725,1.9511204348371882,3.92478774200272
2011-02-01,103.72,4.09,1374.68,100.7295,133,2011,2,7.459593866556147,-8.908685968819608,1.0452347000279305,0.0004963813797331795,97.42696794806116,4.49,1367.152092557133,6.293032051938837,-0.40000000000000036,7.52790744286699,6.459230113056261,-8.908685968819606,0.5506269188226693,-0.6329429789802252,6.459230113056261
2011-03-01,114.64,3.97,1423.26,100.7339,134,2011,3,10.528345545699969,-2.933985330073341,3.533913347106221,0.004368134459120654,105.1251203819408,4.09,1393.6587509829237,9.514879618059197,-0.11999999999999966,29.60124901707627,9.051004729877803,-2.933985330073342,2.1239954900149707,2.747004963273144,9.051004729877803
2011-04-01,123.26,4.24,1480.89,100.7683,135,2011,4,7.519190509420803,6.801007556675054,4.049154757387985,0.03414937771692994,116.95693757178451,3.9700000000000006,1449.6477549620943,6.3030624282154974,0.2699999999999996,31.242245037905832,5.389216372348049,6.801007556675051,2.1551611369703227,4.781795021997808,5.389216372348049
2011-05-01,114.99,4.31,1512.58,100.8312,136,2011,5,-6.709394775271793,1.6509433962264008,2.1399293667996755,0.0624204238833137,124.56246001186625,4.24,1510.9171673324015,-9.572460011866255,0.0699999999999994,1.6628326675984226,-7.684867504185731,1.6509433962264008,0.11005452208437312,-1.9746231952916524,-7.684867504185731
2011-06-01,113.83,4.54,1529.36,100.9126,137,2011,6,-1.0087833724671702,5.336426914153147,1.1093628105620867,0.08072898071231904,110.97720932871317,4.31,1536.952099343855,2.852790671286826,0.23000000000000043,-7.592099343855125,2.5706094868874327,5.336426914153143,-0.49397110990617676,2.4710217637114664,2.5706094868874327
2011-07-01,116.97,4.42,1572.75,100.9944,138,2011,7,2.758499516823343,-2.643171806167399,2.837134487628812,0.0810602442113284,112.29320685542291,4.54,1550.965336386308,4.67679314457709,-0.1200000000000001,21.78466361369192,4.164805045240576,-2.643171806167403,1.4045873948704346,0.9754068779812025,4.164805045240576
2011-08-01,110.22,4.06,1759.01,101.0616,139,2011,8,-5.770710438573989,-8.144796380090503,11.842950246383733,0.0665383427199906,116.81416191803744,4.42,1602.2723634205822,-6.594161918037443,-0.3600000000000003,156.73763657941777,-5.6450021211163,-8.144796380090504,9.782209327059057,-1.3358630580492488,-5.6450021211163
2011-09-01,112.83,3.9,1772.14,101.1268,140,2011,9,2.3679912901469757,-3.9408866995073843,0.7464426012359304,0.06451510761753543,107.02913598431068,4.06,1831.6545810994958,5.800864015689314,-0.1599999999999997,-59.51458109949567,5.419892408119279,-3.940886699507382,-3.2492251384958504,-0.5900731432946512,5.419892408119279
2011-10-01,109.55,3.57,1666.43,101.1726,141,2011,10,-2.907028272622536,-8.461538461538465,-5.965104337129123,0.04528967593160349,112.72686098548684,3.8999999999999995,1796.3412955534707,-3.17686098548684,-0.3299999999999996,-129.9112955534706,-2.818193425873758,-8.461538461538453,-7.2319940467350685,-6.170575311382426,-2.818193425873758
2011-11-01,110.77,3.24,1739.0,101.179,142,2011,11,1.1136467366499314,-9.243697478991585,4.354818384210546,0.0063258233948815246,107.62434874708451,3.57,1662.5194069832564,3.145651252915485,-0.3299999999999996,76.48059301674357,2.922806306877373,-9.243697478991585,4.600282721241871,-0.5735361502907805,2.922806306877373
2011-12-01,107.87,3.17,1639.97,101.1363,143,2011,12,-2.618037374740445,-2.1604938271605034,-5.694652098907415,-0.04220243331125584,110.34558021243896,3.24,1783.1194255284443,-2.475580212438956,-0.07000000000000028,-143.14942552844423,-2.243479265479353,-2.1604938271605025,-8.028033539369947,-4.144002210669934,-2.243479265479353
2012-01-01,110.69,2.67,1654.05,101.0381,144,2012,1,2.614257903031425,-15.77287066246057,0.8585522905906862,-0.09709669030804058,106.19778754513506,3.17,1625.8393864672903,4.492212454864941,-0.5,28.210613532709658,4.230043354675075,-15.772870662460567,1.7351414763057973,-3.2692286104932315,4.230043354675075
2012-02-01,119.33,2.51,1744.82,100.8881,145,2012,2,7.805583160177076,-5.992509363295884,5.487742208518487,-0.14845884869173487,110.86783418044756,2.67,1675.9247069447606,8.462165819552439,-0.16000000000000014,68.89529305523934,7.632660890425161,-5.992509363295886,4.1108823546635715,1.9170112939309487,7.632660890425161
2012-03-01,125.45,2.17,1675.95,100.7454,146,2012,3,5.128634878069227,-13.545816733067728,-3.9471120230166967,-0.14144383728109666,121.19305715606471,2.51,1782.0312419238128,4.256942843935292,-0.33999999999999986,-106.08124192381274,3.512530291610246,-13.545816733067726,-5.95282728092306,-5.328704574126847,3.512530291610246
2012-04-01,119.75,1.95,1649.2,100.6586,147,2012,4,-4.543642885611798,-10.138248847926267,-1.5961096691428756,-0.08615777990855777,126.29847033027353,2.17,1667.6305050578515,-6.548470330273531,-0.21999999999999997,-18.430505057851406,-5.184916581451164,-10.138248847926267,-1.105191168064657,-5.47611886581403,-5.184916581451164
2012-05-01,110.34,2.43,1589.04,100.6505,148,2012,5,-7.858037578288101,24.615384615384617,-3.64782925054572,-0.008047002441935458,116.87949396246987,1.9499999999999997,1655.6359182931828,-6.539493962469862,0.4800000000000004,-66.59591829318288,-5.595073815574271,24.61538461538464,-4.022376994685975,4.999311268374799,-5.595073815574271
2012-06-01,95.16,2.46,1598.76,100.7089,149,2012,6,-13.75747688961393,1.2345679012345512,0.6116900770276379,0.058022563226223234,106.5893858563316,2.43,1578.7918881895293,-11.429385856331606,0.029999999999999805,19.968111810470646,-10.722818003414437,1.2345679012345598,1.2647716244203004,-2.741159492586526,-10.722818003414437
2012-07-01,102.62,2.95,1594.29,100.8119,150,2012,7,7.839428331231613,19.918699186991873,-0.2795916835547585,0.10227497271839692,90.02274613424241,2.46,1607.3575516559938,12.597253865757594,0.4900000000000002,-13.067551655993839,13.993412117169255,19.91869918699188,-0.8129834984463091,11.033042601904944,13.993412117169255
2012-08-01,113.36,2.84,1630.31,100.9465,151,2012,8,10.465796141103102,-3.7288135593220417,2.259312922993928,0.13351598372812745,104.82183866959144,2.95,1595.0586648409412,8.538161330408556,-0.11000000000000032,35.251335159058726,8.145403132377467,-3.7288135593220444,2.2100337709255338,2.208874447993652,8.145403132377467
2012-09-01,112.86,2.85,1744.81,101.1122,152,2012,9,-0.44107268877910943,0.35211267605634866,7.023204175892928,0.16414635475228145,116.3032367926732,2.84,1644.2490328379681,-3.443236792673204,0.010000000000000231,100.56096716203183,-2.960568327785456,0.35211267605634616,6.115920712354864,1.1691550202085847,-2.960568327785456
2012-10-01,111.71,3.32,1746.58,101.2894,153,2012,10,-1.0189615452773415,16.491228070175424,0.10144371020339715,0.1752508599357938,112.07678381334951,2.85,1782.3780035613554,-0.3667838133495138,0.46999999999999975,-35.79800356135547,-0.32726118725921727,16.491228070175428,-2.008440605181828,4.718508759244794,-0.32726118725921727
2012-11-01,109.06,3.54,1721.64,101.4542,154,2012,11,-2.3722137677915978,6.626506024096401,-1.4279334470794214,0.16270211887916552,110.7736636095813,3.32,1753.8453782313456,-1.7136636095813031,0.2200000000000002,-32.20537823134555,-1.5469955165706741,6.626506024096392,-1.836272377889028,1.0810793765455633,-1.5469955165706741
2012-12-01,109.49,3.34,1684.762,101.5804,155,2012,12,0.3942783788740023,-5.649717514124298,-2.142027369252586,0.12439110455753077,107.73458579203708,3.54,1725.9529360172846,1.7554142079629145,-0.20000000000000018,-41.190936017284685,1.6293878099196826,-5.649717514124299,-2.3865619483422678,-2.1356305508489615,1.6293878099196826
2013-01-01,112.96,3.33,1671.848,101.675,156,2013,1,3.169239199926932,-0.29940119760478723,-0.766517763339869,0.09312820189721904,109.200839808714,3.34,1682.7322253061934,3.759160191286,-0.009999999999999787,-10.884225306193457,3.442427913439936,-0.29940119760478406,-0.6468186169200475,0.8320693663050348,3.442427913439936
2013-02-01,116.05,3.33,1627.57,101.7375,157,2013,2,2.7354815864022664,0.0,-2.648446509491298,0.06147037128103605,113.58846387677818,3.33,1674.4113608413209,2.461536123221819,0.0,-46.84136084132092,2.167065245192607,0.0,-2.7974822637243166,-0.2101390061772365,2.167065245192607
2013-03-01,108.47,3.81,1593.086,101.739,158,2013,3,-6.531667384747952,14.414414414414424,-2.1187414366202306,0.0014743826022955986,116.46608379111815,3.33,1618.0127994360164,-7.996083791118153,0.48,-24.92679943601638,-6.865589990523871,14.414414414414415,-1.540581103233856,2.002747773552229,-6.865589990523871
2013-04-01,102.25,4.17,1487.86,101.6371,159,2013,4,-5.73430441596755,9.4488188976378,-6.605167580406846,-0.10015824806612894,105.59399187331923,3.81,1584.9957389181272,-3.3439918733192258,0.3599999999999999,-97.13573891812734,-3.1668391486998635,9.448818897637793,-6.1284542622448575,0.05117516223102392,-3.1668391486998635
2013-05-01,102.56,4.04,1414.027,101.4018,160,2013,5,0.3031784841075913,-3.1175059952038398,-4.962362050192882,-0.23150995059875168,100.05888420676797,4.17,1455.1678698350395,2.5011157932320316,-0.1299999999999999,-41.14086983503944,2.499643897750817,-3.1175059952038344,-2.8272250018620357,-1.148362366438351,2.499643897750817
2013-06-01,102.92,3.83,1343.35,101.0343,161,2013,6,0.35101404056161467,-5.198019801980203,-4.998277967818165,-0.362419602018893,102.55309096342201,4.04,1387.6510541713735,0.3669090365779937,-0.20999999999999996,-44.30105417137361,0.35777472246922376,-5.198019801980197,-3.1925212061203445,-2.677588761877106,0.35777472246922376
2013-07-01,107.93,3.62,1285.516,100.5668,162,2013,7,4.867858530897795,-5.483028720626626,-4.30520713142516,-0.4627141475716634,102.9219580829797,3.83,1311.586363703047,5.008041917020307,-0.20999999999999996,-26.07036370304695,4.865863427299574,-5.48302872062663,-1.9876970685667694,-0.8682874539646085,4.865863427299574
2013-08-01,111.28,3.43,1351.742,100.0832,163,2013,8,3.1038636153062127,-5.2486187845303895,5.151705618599833,-0.480874403878806,109.32358746585322,3.62,1254.5233455173063,1.9564125341467786,-0.18999999999999995,97.21865448269364,1.7895612278163264,-5.248618784530385,7.749449608098384,1.4301306837947754,1.7895612278163264
2013-09-01,111.6,3.62,1348.6,99.65915,164,2013,9,0.28756290438531895,5.5393586005830775,-0.23244080601180217,-0.42369748369357474,112.01264425323262,3.4299999999999997,1355.3683146899104,-0.412644253232628,0.1900000000000004,-6.7683146899105395,-0.3683907794371342,5.539358600583102,-0.499370880708469,1.5571989801458332,-0.3683907794371342
2013-10-01,109.08,3.68,1316.58,99.34301,165,2013,10,-2.2580645161290325,1.6574585635359185,-2.374314103514752,-0.3172212486259318,111.32110159911167,3.62,1331.5628425523967,-2.2411015991116727,0.06000000000000005,-14.982842552396733,-2.0131866887037315,1.657458563535913,-1.1252073183175477,-0.4936451478284554,-2.0131866887037315
2013-11-01,107.79,3.64,1275.86,99.1498,166,2013,11,-1.1826182618261738,-1.0869565217391353,-3.09286180862538,-0.19448776516838295,107.95127158074351,3.68,1296.403969830204,-0.16127158074350234,-0.040000000000000036,-20.543969830204105,-0.14939294218769553,-1.0869565217391313,-1.58468890163109,-0.940346121852639,-0.14939294218769553
2013-12-01,110.76,4.24,1221.512,99.07339,167,2013,12,2.7553576398552826,16.483516483516492,-4.2597150157540735,-0.07706520840182751,107.13009219974596,3.64,1252.4510022445943,3.6299078002540455,0.6000000000000001,-30.93900224459435,3.388317629267058,16.483516483516485,-2.4702764570547404,5.800519218576267,3.388317629267058
2014-01-01,108.12,4.71,1244.27,99.10799,168,2014,1,-2.3835319609967542,11.084905660377341,1.8631008127631965,0.034923605622050324,111.43583924267598,4.24,1192.8051143151217,-3.3158392426759775,0.46999999999999975,51.464885684878254,-2.975559088719214,11.084905660377352,4.3146097436401485,4.1413187717660955,-2.975559088719214
2014-02-01,108.9,6.0,1299.58,99.2242,169,2014,2,0.7214206437291981,27.388535031847127,4.445176689946706,0.1172559346627855,107.01820352659573,4.71,1237.2422320748663,1.881796473404279,1.29,62.337767925133676,1.7583891444567397,27.388535031847134,5.038444882421503,11.395123019575125,1.7583891444567397
2014-03-01,107.48,4.9,1336.08,99.3771,170,2014,3,-1.3039485766758507,-18.333333333333325,2.808599701442005,0.1540954726770405,108.92740704283813,6.0,1301.6330194461332,-1.4474070428381225,-1.0999999999999996,34.44698055386675,-1.3287813252259806,-18.333333333333325,2.6464433553264133,-5.671890434410964,-1.3287813252259806
2014-04-01,107.76,4.66,1298.45,99.52697,171,2014,4,0.2605135839225836,-4.897959183673473,-2.816448116879222,0.15080939170091234,106.8280361984933,4.9,1336.6319331521543,0.9319638015067113,-0.2400000000000002,-38.181933152154215,0.8723962684992761,-4.897959183673473,-2.856577955766063,-2.2940469569800865,0.8723962684992761
2014-05-01,109.54,4.58,1288.74,99.66417,172,2014,5,1.6518188567186343,-1.716738197424894,-0.7478147021448667,0.1378520817020723,107.6758484815785,4.66,1280.8474642687752,1.864151518421508,-0.08000000000000007,7.892535731224825,1.7312624369432599,-1.716738197424894,0.6161963818018413,0.21024020710673572,1.7312624369432599
2014-06-01,111.8,4.59,1279.1,99.7762,173,2014,6,2.063173270038332,0.21834061135370675,-0.7480174433943332,0.11240749810088602,109.90481502322417,4.58,1280.9373572444879,1.8951849767758233,0.009999999999999787,-1.8373572444879755,1.7243875769913708,0.21834061135370714,-0.14343849323283386,0.5997632317040814,1.7243875769913708
2014-07-01,106.77,4.05,1310.59,99.86151,174,2014,7,-4.4991055456171765,-11.764705882352944,2.4618872644828427,0.08550135202582965,112.25722426379949,4.59,1269.279433208698,-5.48722426379949,-0.54,41.31056679130188,-4.888081190128804,-11.764705882352942,3.254647141557323,-4.466046643641475,-4.888081190128804
2014-08-01,101.61,3.91,1295.13,99.919,175,2014,8,-4.832818207361611,-3.4567901234567877,-1.1796213918921827,0.05756972831674201,104.96780951739848,4.05,1313.6922368529824,-3.357809517398479,-0.13999999999999968,-18.562236852982323,-3.1988945304626175,-3.4567901234567824,-1.4129821530687523,-2.6895556023293836,-3.1988945304626175
2014-09-01,97.09,3.92,1236.55,99.95475,176,2014,9,-4.4483810648558215,0.2557544757033181,-4.523098067375486,0.03577898097459897,99.94726735994108,3.91,1284.691561455745,-2.8572673599410763,0.009999999999999787,-48.14156145574498,-2.858774867401998,0.2557544757033194,-3.747324486290973,-2.1167816259965506,-2.858774867401998
2014-10-01,87.43,3.78,1222.49,99.97803,177,2014,10,-9.949531362653207,-3.57142857142857,-1.1370344911245,0.02329053896887867,95.79542577218093,3.92,1215.145239205418,-8.365425772180927,-0.14000000000000012,7.344760794582044,-8.732594176339319,-3.5714285714285747,0.6044348080880253,-3.8998626465599564,-8.732594176339319
2014-11-01,79.44,4.12,1175.33,99.99064,178,2014,11,-9.138739563079046,8.994708994709,-3.857700267486852,0.012612771025799496,84.73594510791732,3.78,1212.647157593232,-5.295945107917319,0.3400000000000003,-37.31715759323197,-6.24993926859794,8.994708994709002,-3.0773302324227743,-0.11085350210390388,-6.24993926859794
2014-12-01,62.34,3.48,1200.62,99.99355,179,2014,12,-21.525679758308147,-15.533980582524276,2.1517361081568653,0.0029102724014906656,77.56002357713498,4.12,1152.8411677901486,-15.220023577134981,-0.6400000000000001,47.778832209851316,-19.623541710245053,-15.533980582524274,4.144441883649707,-10.337693469706542,-19.623541710245053
2015-01-01,47.76,2.99,1250.75,99.98207,180,2015,1,-23.387872954764198,-14.080459770114938,4.175342739584553,-0.011480740507763265,57.962220413812524,3.4799999999999995,1199.8755198329634,-10.202220413812526,-0.4899999999999993,50.87448016703661,-17.601500323789036,-14.080459770114926,4.239979841752161,-9.147326750717268,-17.601500323789036
2015-02-01,58.1,2.87,1227.08,99.92068,181,2015,2,21.649916247906198,-4.013377926421413,-1.8924645212872293,-0.061401009200934276,44.67602527684911,2.99,1256.280928309091,13.423974723150891,-0.1200000000000001,-29.20092830909107,30.047379192676587,-4.013377926421408,-2.324394779151385,7.90320216236793,30.047379192676587
2015-03-01,55.89,2.83,1178.63,99.77432,182,2015,3,-3.8037865748709154,-1.3937282229965153,-3.948397822472849,-0.1464761849098717,62.94466112146885,2.87,1214.0044168056693,-7.054661121468847,-0.040000000000000036,-35.37441680566917,-11.207719599689256,-1.3937282229965169,-2.9138622822104363,-5.1717700349654026,-11.207719599689256
2015-04-01,59.52,2.61,1198.93,99.53653,183,2015,4,6.494900697799255,-7.773851590106018,1.722338647412669,-0.23832785831063852,56.544555177274006,2.83,1160.5053600860294,2.975444822725997,-0.2200000000000002,38.42463991397062,5.262124378550009,-7.7738515901060135,3.3110264920381036,0.2664330934940331,5.262124378550009
2015-05-01,64.08,2.85,1198.63,99.24313,184,2015,5,7.661290322580627,9.195402298850585,-0.02502231156114032,-0.2947661526878642,61.951122189127396,2.61,1199.3184464549424,2.128877810872602,0.2400000000000002,-0.6884464549423228,3.436382967161532,9.195402298850583,-0.057403140673546474,4.191460708446189,3.436382967161532
2015-06-01,61.48,2.78,1181.5,98.93192,185,2015,6,-4.057428214731584,-2.4561403508772006,-1.4291315919007674,-0.31358341882202767,66.61583244903333,2.85,1191.4595100700749,-5.135832449033337,-0.07000000000000028,-9.959510070074884,-7.7096273666814525,-2.456140350877203,-0.8359083951991891,-3.6672253709192812,-7.7096273666814525
2015-07-01,56.56,2.84,1128.31,98.63917,186,2015,7,-8.00260247234872,2.158273381294973,-4.501904358865849,-0.2959105615255586,61.66254682217797,2.78,1171.4888192243943,-5.10254682217797,0.06000000000000005,-43.178819224394374,-8.274953087637883,2.158273381294966,-3.6858071981413962,-3.2674956348281037,-8.274953087637883
2015-08-01,46.52,2.77,1117.93,98.39778,187,2015,8,-17.751060820367748,-2.464788732394363,-0.9199599400873781,-0.24472022625493528,56.09116373710189,2.84,1107.1877575560823,-9.571163737101884,-0.06999999999999984,10.742242443917803,-17.063585597834496,-2.4647887323943607,0.9702277116601586,-6.186048872856233,-17.063585597834496
2015-09-01,47.62,2.66,1124.77,98.23602,188,2015,9,2.364574376612194,-3.971119133574008,0.6118451065808994,-0.16439395279039815,44.63225007183216,2.77,1108.4478575286255,2.987749928167837,-0.10999999999999988,16.32214247137449,6.694150358449964,-3.9711191335740024,1.472522352811979,1.3985178592293137,6.694150358449964
2015-10-01,48.43,2.34,1159.25,98.18163,189,2015,10,1.7009659806803912,-12.030075187969935,3.0655156165260378,-0.05536665675176522,49.370834534131546,2.66,1118.2350179766704,-0.9408345341315467,-0.3200000000000003,41.014982023329594,-1.9056484319322564,-12.030075187969935,3.6678320177758272,-3.422630534042121,-1.9056484319322564
2015-11-01,44.27,2.09,1086.44,98.21223,190,2015,11,-8.589717117489148,-10.68376068376068,-6.280784990295441,0.031166726402909184,49.99900497490928,2.34,1162.0554615768126,-5.72900497490928,-0.25,-75.61546157681255,-11.458237974504161,-10.683760683760685,-6.507044119409641,-9.549680925891495,-11.458237974504161
2015-12-01,38.01,1.93,1075.74,98.3084,191,2015,12,-14.140501468262945,-7.655502392344493,-0.9848680092780171,0.09792059502162775,44.262420054104396,2.09,1058.4841261963882,-6.252420054104398,-0.15999999999999992,17.25587380361185,-14.125798016605781,-7.655502392344495,1.630243985388803,-6.717018807853825,-14.125798016605781
2016-01-01,30.7,2.28,1097.91,98.45573,192,2016,1,-19.23178111023415,18.134715025906733,2.0609069105917754,0.14986511834187421,37.457528778957496,1.9300000000000002,1067.6417843296547,-6.7575287789574965,0.34999999999999964,30.2682156703454,-18.040508808882425,18.13471502590672,2.8350534902818594,0.9764199024353842,-18.040508808882425
2016-02-01,32.18,1.99,1199.5,98.60632,193,2016,2,4.820846905537457,-12.71929824561403,9.253035312548374,0.1529519917225608,29.984651998541086,2.28,1095.7285132037994,2.195348001458914,-0.2899999999999998,103.77148679620063,7.321572388319629,-12.719298245614027,9.470547270215986,1.3576071376405292,7.321572388319629
2016-03-01,38.21,1.73,1245.14,98.72742,194,2016,3,18.73834679925419,-13.06532663316583,3.8049187161317333,0.12281160071687669,34.291237466408994,1.9899999999999998,1222.9716012781817,3.918762533591007,-0.2599999999999998,22.16839872181845,11.427883106959168,-13.065326633165819,1.8126666799661806,0.05840771791984323,11.427883106959168
2016-04-01,41.58,1.92,1242.26,98.82918,195,2016,4,8.819680711855526,10.982658959537561,-0.23129929164592555,0.10307166945109358,41.573125554577,1.73,1255.3370262354765,0.0068744454230014185,0.18999999999999995,-13.077026235476524,0.016535791647362862,10.98265895953757,-1.0417143732860414,3.319160125966297,0.016535791647362862
2016-05-01,46.74,1.92,1260.95,98.92396,196,2016,5,12.409812409812426,0.0,1.5045159628419125,0.09590284974538843,43.87942792700229,1.92,1244.1946948904565,2.860572072997712,0.0,16.755305109543542,6.519164465308329,0.0,1.3466787134162101,2.621947726241513,6.519164465308329
2016-06-01,48.25,2.59,1276.4,99.02956,197,2016,6,3.23063756953359,34.89583333333333,1.2252666640231613,0.10674865826236779,49.413724758818915,1.92,1270.4480605406209,-1.1637247588189155,0.6699999999999999,5.9519394593792185,-2.3550638299356788,34.89583333333333,0.46849136491628446,11.003086956104644,-2.3550638299356788
2016-07-01,44.95,2.82,1336.66,99.15444,198,2016,7,-6.839378238341965,8.880308880308885,4.7210905672202985,0.126103761341545,49.6084715560257,2.59,1284.438244280761,-4.658471556025695,0.22999999999999998,52.22175571923913,-9.390475880242784,8.880308880308881,4.06572725094163,1.185186750335909,-9.390475880242784
2016-08-01,45.84,2.82,1340.17,99.28487,199,2016,8,1.979977753058959,0.0,0.2625948259093569,0.13154226880813802,44.77405714520449,2.82,1359.326505552673,1.0659428547955159,0.0,-19.156505552673025,2.3807153578658515,0.0,-1.409264475784234,0.3238169606938725,2.3807153578658515
2016-09-01,46.57,2.99,1326.61,99.41071,200,2016,9,1.5924956369982368,6.028368794326244,-1.01181193430685,0.12674640154133332,47.00082928889598,2.82,1346.9093058002363,-0.4308292888959784,0.17000000000000037,-20.299305800236425,-0.9166418878438012,6.028368794326255,-1.5071026469875075,1.2015414198316485,-0.9166418878438012
2016-10-01,49.52,2.98,1266.55,99.53759,201,2016,10,6.334550139574846,-0.33444816053512794,-4.527329056768748,0.12763212333963825,47.61663622064721,2.99,1330.8235335323834,1.9033637793527944,-0.010000000000000231,-64.27353353238345,3.9972663556764862,-0.33444816053512477,-4.8296060231053515,-0.3889292759879967,3.9972663556764862
2016-11-01,44.73,2.55,1238.35,99.65688,202,2016,11,-9.672859450726989,-14.429530201342288,-2.22652086376377,0.11984417143313664,51.17660640436319,2.98,1255.1538591255558,-6.4466064043631945,-0.43000000000000016,-16.803859125555846,-12.596783681642423,-14.429530201342287,-1.338788786998815,-9.455034223327841,-12.596783681642423
2016-12-01,53.31,3.59,1157.36,99.78185,203,2016,12,19.181757209926232,40.78431372549021,-6.540154237493445,0.12540027341816362,43.92832671156241,2.55,1234.2257735028818,9.38167328843759,1.04,-76.8657735028819,21.35677361452566,40.7843137254902,-6.227853538070879,18.637744600648325,21.35677361452566
2017-01-01,54.58,3.3,1192.1,99.92717,204,2017,1,2.3822922528606183,-8.07799442896936,3.001658947950503,0.1456377086614502,56.66407267148818,3.59,1133.1951257749201,-2.0840726714881797,-0.29000000000000004,58.904874225079766,-3.6779436655932933,-8.077994428969362,5.198122802090105,-2.185938430824183,-3.6779436655932933
2017-02-01,54.87,2.85,1234.2,100.0869,205,2017,2,0.5313301575668783,-13.636363636363624,3.5315829208959038,0.15984641614488204,55.4183870761443,3.3,1200.6223564667755,-0.5483870761443015,-0.44999999999999973,33.577643533224546,-0.9895399434682631,-13.63636363636363,2.796686514487183,-3.943072355114903,-0.9895399434682631
2017-03-01,51.59,2.88,1231.42,100.2642,206,2017,3,-5.977765627847631,1.0526315789473717,-0.2252471236428466,0.17714606007379619,55.35272515861588,2.85,1241.574796941558,-3.762725158615879,0.029999999999999805,-10.154796941557834,-6.797723414400303,1.0526315789473615,-0.8178965106711835,-2.1876627820413748,-6.797723414400303
2017-04-01,52.31,3.1,1266.88,100.4523,207,2017,4,1.395619306067064,7.638888888888906,2.8796024102256013,0.18760434930911174,50.97269479868058,2.88,1229.2529686238977,1.337305201319424,0.2200000000000002,37.62703137610242,2.623571711484322,7.638888888888896,3.060967297742178,4.441142632705132,2.623571711484322
2017-05-01,50.33,3.15,1246.04,100.6282,208,2017,5,-3.785127126744414,1.6129032258064502,-1.6449861076029415,0.1751079865767169,52.98993777518917,3.1,1278.0638216687894,-2.659937775189171,0.04999999999999982,-32.023821668789424,-5.019703526495932,1.6129032258064457,-2.5056512144264738,-1.9708171717053198,-5.019703526495932
2017-06-01,46.37,2.98,1260.26,100.7738,209,2017,6,-7.868070733161137,-5.3968253968254,1.1412153702930805,0.1446910508187349,50.154664064045924,3.15,1240.2610591635355,-3.784664064045927,-0.16999999999999993,19.9989408364645,-7.545986270016742,-5.396825396825395,1.612478331775756,-3.7767777783554606,-7.545986270016742
2017-07-01,48.48,2.98,1236.84,100.8841,210,2017,7,4.550355833513042,0.0,-1.8583466903654866,0.10945305228144964,45.64731115981081,2.98,1266.6973341820994,2.832688840189185,0.0,-29.85733418209952,6.205598463997075,0.0,-2.357100893512045,1.2828325234950098,6.205598463997075
2017-08-01,51.7,2.9,1283.04,100.926,211,2017,8,6.6419141914191515,-2.684563758389269,3.735325506937026,0.041532808440569724,49.695913712740726,2.98,1230.3708842627232,2.004086287259277,-0.08000000000000007,52.6691157372768,4.032698339834492,-2.684563758389264,4.280751146743674,1.8762952427296338,4.032698339834492
2017-09-01,56.15,2.98,1314.07,100.8901,212,2017,9,8.607350096711786,2.758620689655178,2.4184748721785665,-0.03557061609495982,53.1561904462735,2.9,1298.27150011791,2.9938095537265,0.08000000000000007,15.798499882090027,5.63209953270152,2.758620689655175,1.2168872135493383,3.2025358119686778,5.63209953270152
2017-10-01,57.51,2.88,1279.51,100.7978,213,2017,10,2.4220837043633203,-3.3557046979865834,-2.6299968799226803,-0.09148568590973127,57.84961003264827,2.98,1323.9207324485753,-0.33961003264827383,-0.10000000000000009,-44.410732448575345,-0.5870567363489745,-3.35570469798658,-3.354485760370127,-2.4324157315685606,-0.5870567363489745
2017-11-01,62.71,3.01,1281.9,100.6763,214,2017,11,9.041905755520773,4.513888888888884,0.18679025564474205,-0.12053834508292116,58.117520734476656,2.88,1272.8290059469375,4.592479265523345,0.1299999999999999,9.070994053062577,7.902056397940906,4.513888888888886,0.71266399576698,4.3762030941989245,7.902056397940906
2017-12-01,64.37,2.82,1264.45,100.5302,215,2017,12,2.6471057247647867,-6.312292358803983,-1.3612606287542017,-0.14511856315737592,64.41979611318975,3.01,1286.499984283489,-0.04979611318974264,-0.18999999999999995,-22.04998428348904,-0.07729939582895862,-6.312292358803985,-1.7139513838214067,-2.7011810461514503,-0.07729939582895862
2018-01-01,69.08,3.87,1331.3,100.3595,216,2018,1,7.317073170731692,37.23404255319149,5.286883625291616,-0.16979972187461945,64.83625118856177,2.8199999999999994,1260.609098920614,4.243748811438223,1.0500000000000007,70.69090107938587,6.545333410928134,37.23404255319152,5.607678156528804,16.462351373549485,6.545333410928134
2018-02-01,65.32,2.67,1330.73,100.158,217,2018,2,-5.442964678633477,-31.007751937984494,-0.042815293322306935,-0.200778202362506,70.41033894819385,3.87,1353.1086123535756,-5.09033894819386,-1.2000000000000002,-22.37861235357559,-7.229533367165302,-31.0077519379845,-1.6538666703665856,-13.297050658505462,-7.229533367165302
2018-03-01,66.02,2.69,1324.66,99.94302,218,2018,3,1.0716472749540795,0.7490636704119868,-0.45614061454990473,-0.21464086742946087,63.94906709089101,2.67,1332.1089263211725,2.0709329091089828,0.020000000000000018,-7.448926321172394,3.2384098835492923,0.7490636704119857,-0.5591829747544572,1.1427635264022735,3.2384098835492923
2018-04-01,72.11,2.8,1334.76,99.73568,219,2018,4,9.224477431081501,4.089219330855021,0.7624598010055328,-0.20745820968788298,66.12556787288713,2.69,1328.0540321547553,5.984432127112868,0.10999999999999988,6.705967845244686,9.05010318946026,4.0892193308550135,0.5049469135201009,4.548089811278459,9.05010318946026
2018-05-01,76.98,2.8,1303.45,99.54636,220,2018,5,6.75357093329636,0.0,-2.3457400581377907,-0.18982173681474368,73.81854186013409,2.8,1341.5886529903682,3.161458139865914,0.0,-38.1386529903682,4.282742601250525,0.0,-2.84279782072978,0.4799815935069149,4.282742601250525
2018-06-01,74.41,2.97,1281.57,99.38609,221,2018,6,-3.338529488178754,6.071428571428594,-1.6786221182247152,-0.161000362042385,78.12460092058092,2.8,1297.40379581916,-3.7146009205809207,0.17000000000000037,-15.83379581916006,-4.754713466449666,6.071428571428585,-1.220421573467253,0.03209784383722206,-4.754713466449666
2018-07-01,74.25,2.83,1237.71,99.26352,222,2018,7,-0.21502486224969086,-4.7138047138047146,-3.42236475572929,-0.12332711750708825,73.1675275564713,2.97,1278.0588480126787,1.082472443528701,-0.14000000000000012,-40.34884801267867,1.479443791090576,-4.713804713804718,-3.1570414832947034,-2.130467468669615,1.479443791090576
2018-08-01,72.53,2.96,1201.71,99.17211,223,2018,8,-2.3164983164983166,4.59363957597172,-2.908597328938123,-0.09208821125826772,73.83711341398264,2.83,1225.0283630381007,-1.3071134139826341,0.1299999999999999,-23.318363038100642,-1.7702661352076967,4.593639575971728,-1.9034957672547699,0.30662589116975364,-1.7702661352076967
2018-09-01,78.89,3.0,1198.39,99.13486,224,2018,9,8.768785330208196,1.3513513513513598,-0.27627297767347514,-0.037560963460392394,71.66792948322762,2.96,1189.7600070936148,7.222070516772376,0.040000000000000036,8.629992906385269,10.077130131773307,1.3513513513513526,0.725355773847778,4.051279085657479,10.077130131773307
2018-10-01,81.03,3.28,1215.39,99.18058,225,2018,10,2.712637850171129,9.333333333333327,1.4185699146354702,0.046118993863508706,80.53037100687828,3.0,1193.586180510007,0.4996289931217177,0.2799999999999998,21.803819489993202,0.6204230613553776,9.333333333333327,1.8267486542678184,3.9268350163188415,0.6204230613553776
2018-11-01,64.75,4.09,1220.65,99.31502,226,2018,11,-20.091324200913242,24.695121951219523,0.43278289273402937,0.1355507297900349,81.20087460843615,3.28,1215.5687528232588,-16.450874608436152,0.81,5.081247176741272,-20.259479577978624,24.695121951219516,0.41801396794213863,1.6178854470610105,-20.259479577978624
2018-12-01,57.36,4.04,1250.4,99.49198,227,2018,12,-11.41312741312741,-1.2224938875305624,2.4372260680784796,0.1781805007943449,59.326595270692216,4.09,1218.1969448632879,-1.966595270692217,-0.04999999999999982,32.20305513671224,-3.3148628565639764,-1.222493887530558,2.643501551411806,-0.6312850642275761,-3.3148628565639764
2019-01-01,59.41,3.11,1291.75,99.65956,228,2019,1,3.5739191073919097,-23.019801980198018,3.306941778630823,0.16843568697697542,55.172865767701,4.04,1256.7432270825595,4.237134232298999,-0.9300000000000002,35.00677291744046,7.679742883284267,-23.019801980198025,2.7855151444664004,-4.18484798414912,7.679742883284267
2019-02-01,63.96,2.69,1320.07,99.79353,229,2019,2,7.658643326039405,-13.5048231511254,2.1923746855041504,0.13442764547626496,60.306930332756565,3.1099999999999994,1302.498117511337,3.653069667243436,-0.4199999999999995,17.571882488662823,6.057462462584038,-13.50482315112539,1.3490908165178115,-2.0327566240078467,6.057462462584038
2019-03-01,66.14,2.95,1300.9,99.90499,230,2019,3,3.408380237648534,9.66542750929369,-1.4521957168937893,0.11169060759750327,65.52976899425349,2.69,1329.379544414522,0.6102310057465132,0.26000000000000023,-28.479544414521797,0.9312271584537803,9.66542750929369,-2.142318537559911,2.818112043395853,0.9312271584537803
2019-04-01,71.23,2.65,1285.91,100.002,231,2019,4,7.695796794677956,-10.169491525423735,-1.1522791913290753,0.09710225685424234,66.83756064969094,2.95,1298.1668895736937,4.392439350309061,-0.30000000000000027,-12.25688957369357,6.571812776547481,-10.169491525423737,-0.9441690180311579,-1.513949255635805,6.571812776547481
2019-05-01,71.32,2.64,1283.7,100.1039,232,2019,5,0.12635125649302914,-0.37735849056602655,-0.17186272756258836,0.10189796204076451,72.72921918376127,2.65,1284.9277805210577,-1.4092191837612802,-0.009999999999999787,-1.227780521057639,-1.9376245195217574,-0.3773584905660297,-0.09555249249570706,-0.8035118341944981,-1.9376245195217574
2019-06-01,64.22,2.4,1359.04,100.2302,233,2019,6,-9.955131800336503,-9.090909090909093,5.868972501363245,0.1261689105019892,71.14726067753615,2.64,1284.695880609959,-6.927260677536154,-0.2400000000000002,74.34411939004099,-9.736510740635373,-9.090909090909099,5.786904162465536,-4.3468385563596454,-9.736510740635373
2019-07-01,63.92,2.37,1412.89,100.3585,234,2019,7,-0.46714419184054057,-1.2499999999999956,3.962355780550997,0.1280053317263663,61.888939786967846,2.4,1382.7802508156813,2.0310602130321556,-0.029999999999999805,30.109749184318844,3.2817822053882435,-1.249999999999992,2.177478971554414,1.4030870589808886,3.2817822053882435
2019-08-01,59.04,2.22,1500.41,100.4662,235,2019,8,-7.634543178973718,-6.329113924050633,6.194395883614434,0.10731527474006075,63.878457950586046,2.37,1431.3866062776763,-4.838457950586047,-0.1499999999999999,69.02339372232382,-7.574475192135813,-6.329113924050629,4.822134943809436,-3.0271513907923353,-7.574475192135813
2019-09-01,62.83,2.56,1510.58,100.5345,236,2019,9,6.419376693766932,15.315315315315313,0.6778147306402804,0.06798306296047496,57.62826127875043,2.22,1533.939474882195,5.201738721249569,0.33999999999999986,-23.359474882195173,9.026367629050148,15.315315315315308,-1.5228420198254011,7.606280308180018,9.026367629050148
2019-10-01,59.71,2.33,1494.81,100.5522,237,2019,10,-4.965780678020049,-8.984375,-1.043969865879335,0.017605896483297023,64.18658811882706,2.56,1523.629737127095,-4.47658811882706,-0.22999999999999998,-28.819737127095095,-6.974335682930617,-8.984374999999998,-1.8915184197859398,-5.950076367572184,-6.974335682930617
2019-11-01,63.21,2.65,1470.79,100.5071,238,2019,11,5.861664712778425,13.733905579399131,-1.606893183749103,-0.044852325458821785,58.8528296252473,2.33,1503.5185373794425,4.357170374752698,0.31999999999999984,-32.728537379442514,7.403501925901476,13.733905579399133,-2.1767963989647057,6.320203702111968,7.403501925901476
2019-12-01,67.31,2.22,1479.13,100.3827,239,2019,12,6.486315456415137,-16.226415094339607,0.5670422018099197,-0.1237723504110555,64.44492624725045,2.65,1475.0443292486711,2.8650737527495522,-0.4299999999999997,4.085670751328962,4.445770861397783,-16.226415094339615,0.2769863027377652,-3.8345526434013557,4.445770861397783
2020-01-01,63.65,2.02,1560.67,100.1881,240,2020,1,-5.4375278561877955,-9.009009009009016,5.512700033127582,-0.19385810503204093,68.60199323079762,2.2199999999999998,1490.8543896578096,-4.951993230797619,-0.19999999999999973,69.81561034219044,-7.218439286651093,-9.009009009008997,4.68292616814275,-3.84817404250578,-7.218439286651093
2020-02-01,55.66,1.91,1597.1,99.95402,241,2020,2,-12.553024351924591,-5.44554455445545,2.3342538781420785,-0.23364052217779152,62.468646954909225,2.02,1592.6853727957935,-6.8086469549092286,-0.1100000000000001,4.414627204206454,-10.899302749143597,-5.44554455445545,0.2771813742758895,-5.355888643107718,-10.899302749143597
2020-03-01,32.01,1.79,1591.93,99.6959,242,2020,3,-42.490118577075094,-6.282722513089,-0.323711727506093,-0.2582387381718121,53.3003435336234,1.91,1616.9050208285223,-21.2903435336234,-0.11999999999999988,-24.975020828522247,-39.94410189906719,-6.282722513088999,-1.5446189174256342,-15.923814443193942,-39.94410189906719
2020-04-01,18.38,1.74,1683.17,94.78896,243,2020,4,-42.58044361137144,-2.7932960893854775,5.731407788030873,-4.921907520770652,25.201234535208567,1.79,1603.2054789669376,-6.821234535208568,-0.050000000000000044,79.96452103306251,-27.067065010956675,-2.793296089385477,4.987789904796826,-8.290857065181775,-27.067065010956675
2020-05-01,29.38,1.75,1715.91,94.27731,244,2020,5,59.847660500544066,0.5747126436781658,1.9451392313313498,-0.5397780501020355,15.357817642516409,1.74,1723.3702487123949,14.02218235748359,0.010000000000000009,-7.460248712394787,91.30322213661881,0.5747126436781614,-0.43288717081942574,30.481682536492517,91.30322213661881
2020-06-01,40.27,1.63,1732.22,94.7614,245,2020,6,37.06603131381894,-6.857142857142861,0.9505160527067291,0.5134745571336197,34.17686280270313,1.75,1738.3125051731852,6.093137197296876,-0.1200000000000001,-6.092505173185145,17.828251915547252,-6.857142857142863,-0.35048388336699904,3.54020839167913,17.828251915547252
2020-07-01,43.24,1.76,1846.51,95.0676,246,2020,7,7.375217283337476,7.975460122699385,6.597891722760396,0.3231273493215614,44.60822652844834,1.63,1754.0666160989238,-1.3682265284483393,0.13000000000000012,92.44338390107623,-3.067206735008328,7.975460122699395,5.27023221653189,3.3928285347409854,-3.067206735008328
2020-08-01,44.74,2.3,1968.63,95.28623,247,2020,8,3.4690101757631764,30.681818181818166,6.613557467871822,0.22997319801909555,44.79057443547564,1.76,1897.3849256277852,-0.05057443547563878,0.5399999999999998,71.24507437221496,-0.11291312092568773,30.681818181818173,3.7549088437414566,11.441271301544647,-0.11291312092568773
2020-09-01,40.91,1.92,1921.92,95.23411,248,2020,9,-8.560572194903903,-16.521739130434774,-2.372716051264079,-0.05469835463109973,45.72289648427639,2.3,2023.0918655269656,-4.8128964842763935,-0.3799999999999999,-101.17186552696558,-10.526228332738055,-16.521739130434778,-5.000853755131519,-10.682940406101451,-10.526228332738055
2020-10-01,40.19,2.39,1900.27,95.33179,249,2020,10,-1.7599608897580055,24.479166666666675,-1.1264776889776895,0.10256829197017314,40.217587312331894,1.92,1931.782834869649,-0.02758731233189593,0.4700000000000002,-31.51283486964894,-0.06859514499875742,24.47916666666668,-1.6312824765199518,7.593096348382656,-0.06859514499875742
2020-11-01,42.69,2.61,1866.3,95.65746,250,2020,11,6.220452848967395,9.205020920502083,-1.7876407036894748,0.34161741849176863,40.54156018049186,2.39,1919.8758366717818,2.148439819508141,0.21999999999999975,-53.57583667178187,5.299351603498343,9.205020920502081,-2.7905886228902568,3.904594633703389,5.299351603498343
2020-12-01,49.99,2.58,1858.42,95.8925,251,2020,12,17.10002342468964,-1.1494252873563093,-0.4222257943524599,0.24571005753235564,44.011097841750725,2.61,1875.5860511963422,5.9789021582492765,-0.029999999999999805,-17.166051196342096,13.584987540523121,-1.1494252873563144,-0.9152366635160639,3.8401085298835813,13.584987540523121
2021-01-01,54.77,2.71,1866.98,95.91834,252,2021,1,9.5619123824765,5.038759689922467,0.4606063214989131,0.02694684151525184,52.64928514007397,2.58,1872.695699003155,2.120714859926032,0.1299999999999999,-5.715699003154896,4.02800314246214,5.038759689922476,-0.3052123741298381,2.920516819418259,4.02800314246214
2021-02-01,62.28,5.35,1808.17,96.07182,253,2021,2,13.711886069015877,97.41697416974169,-3.1500069631169025,0.16001110944998675,56.41004547149844,2.71,1882.7198302414602,5.869954528501559,2.6399999999999997,-74.54983024146009,10.405867393720492,97.41697416974169,-3.959687949528795,34.621051204644466,10.405867393720492
2021-03-01,65.41,2.62,1718.23,96.6387,254,2021,3,5.025690430314711,-51.02803738317756,-4.974089825624805,0.5900585624379673,64.57478800817034,5.35,1802.3283571001718,0.8352119918296523,-2.7299999999999995,-84.09835710017182,1.2934026074138671,-51.02803738317756,-4.666095207838851,-18.13357666120085,1.2934026074138671
2021-04-01,64.81,2.66,1760.04,97.23356,255,2021,4,-0.9172909341079283,1.526717557251911,2.433318007484453,0.6155504989201921,66.13640124739887,2.6199999999999997,1701.2107235827423,-1.326401247398863,0.04000000000000048,58.82927641725769,-2.005554010169294,1.526717557251927,3.458082858387084,0.9930821351565724,-2.005554010169294
2021-05-01,68.53,2.91,1850.26,97.44596,256,2021,5,5.7398549606542115,9.398496240601496,5.126019863184927,0.21844309721870125,64.31906507582661,2.66,1777.0243497147899,4.210934924173387,0.25,73.23565028521011,6.546946724441748,9.398496240601503,4.121251928650518,6.688898297897922,6.546946724441748
2021-06-01,73.16,3.26,1834.57,97.70968,257,2021,6,6.756165183131468,12.027491408934686,-0.8479889312853373,0.27063205083104336,69.37157166839555,2.91,1878.070088697265,3.7884283316044502,0.34999999999999964,-43.50008869726503,5.461067466819972,12.027491408934695,-2.316212209494223,5.057448888753481,5.461067466819972
2021-07-01,75.17,3.84,1807.84,95.90693,258,2021,7,2.7474029524330312,17.791411042944794,-1.4570171756869477,-1.8450065541100957,74.16342972033965,3.26,1835.0301614607397,1.0065702796603517,0.5800000000000001,-27.190161460739773,1.357232646138391,17.791411042944787,-1.4817283133425765,5.8889717919135345,1.357232646138391
2021-08-01,70.75,4.07,1785.28,95.80419,259,2021,8,-5.880005321271787,5.989583333333348,-1.2478980440746912,-0.10712468848705914,75.24750120083218,3.84,1808.3812371375386,-4.4975012008321755,0.23000000000000043,-23.101237137538646,-5.976944256033896,5.989583333333345,-1.2774539274752303,-0.4216049500585939,-5.976944256033896
2021-09-01,74.49,5.16,1775.14,97.17868,260,2021,9,5.28621908127207,26.781326781326786,-0.5679781322817656,1.4346867292547305,68.84761355710368,4.07,1784.0211838854439,5.64238644289631,1.0899999999999999,-8.881183885443761,8.19547134806117,26.781326781326776,-0.4978182975440522,11.492993277281299,8.19547134806117
2021-10-01,83.54,5.51,1776.85,98.52543,261,2021,10,12.149281782789645,6.782945736434098,0.09633043027590382,1.3858492418295842,75.21296772604575,5.16,1775.616883760671,8.32703227395426,0.34999999999999964,1.233116239328865,11.071272050166241,6.782945736434101,0.06944720173628807,5.974554996112211,11.071272050166241
2021-11-01,81.05,5.05,1821.76,98.63125,262,2021,11,-2.9806080919320244,-8.34845735027223,2.527506542476865,0.10740374337874226,85.75324792703476,5.51,1779.3957922475663,-4.7032479270347665,-0.45999999999999996,42.364207752433686,-5.484629493027062,-8.34845735027223,2.380819823054835,-3.8174223400814853,-5.484629493027062
2021-12-01,74.17,3.76,1790.43,98.65418,263,2021,12,-8.48858729179518,-25.544554455445546,-1.7197655014930535,0.023248209872628323,79.51161545670637,5.05,1836.8846933796967,-5.341615456706364,-1.29,-46.454693379696664,-6.7180316058536675,-25.544554455445546,-2.5289934391158955,-11.597193166805036,-6.7180316058536675
2022-01-01,86.51,4.38,1816.02,98.64811,264,2022,1,16.63745449642713,16.48936170212767,1.4292655954156297,-0.006152805689529917,71.42548215308312,3.76,1783.2913619567232,15.084517846916881,0.6200000000000001,32.72863804327676,21.11923838972048,16.489361702127663,1.8352939256861052,13.147964672511415,21.11923838972048
2022-02-01,97.13,4.69,1856.3,98.63584,265,2022,2,12.276037452317645,7.077625570776269,2.218037246285842,-0.012438150107485502,89.8045842853059,4.38,1827.7209173843464,7.325415714694088,0.3100000000000005,28.579082615653533,8.15706210656408,7.077625570776267,1.5636458686785228,5.5994445153396235,8.15706210656408
2022-03-01,117.25,4.9,1947.83,98.68075,266,2022,3,20.714506331720383,4.477611940298498,4.930776275386517,0.045531117289621115,99.51503245955784,4.690000000000001,1870.3257706579254,17.734967540442156,0.20999999999999908,77.5042293420745,17.821395523987306,4.477611940298487,4.1438892923349275,8.814298918873574,17.821395523987306
2022-04-01,104.58,6.6,1936.86,98.86514,267,2022,4,-10.80597014925373,34.69387755102038,-0.5631908328755597,0.18685508571834042,122.17470950251598,4.9,1979.7772540002954,-17.594709502515983,1.6999999999999993,-42.91725400029554,-14.401269767008246,34.69387755102039,-2.1677819519129162,6.041608610699744,-14.401269767008246
2022-05-01,113.34,8.14,1848.5,99.08733,268,2022,5,8.37636259323007,23.33333333333334,-4.56202306826512,0.224740489923958,99.01716236047787,6.6,1940.7921811506176,14.322837639522135,1.540000000000001,-92.29218115061758,14.465005154741753,23.333333333333346,-4.755387106717488,11.014317127119206,14.465005154741753
2022-06-01,122.71,7.7,1836.57,99.319,269,2022,6,8.26716075524969,-5.405405405405405,-0.6453881525561256,0.23380385766778033,114.71725998356598,8.14,1832.6638648945293,7.992740016434013,-0.4400000000000004,3.9061351054706392,6.967338670378831,-5.40540540540541,0.21313974593455734,0.591691003635993,6.967338670378831
2022-07-01,111.93,7.28,1732.74,99.335,270,2022,7,-8.784940102681105,-5.454545454545457,-5.653473594798997,0.01610970710537174,124.03188530305165,7.7,1839.6632710201814,-12.101885303051645,-0.41999999999999993,-106.92327102018135,-9.757075991776361,-5.454545454545453,-5.812110982728229,-7.007910809683348,-9.757075991776361
2022-08-01,100.45,8.81,1764.56,99.25052,271,2022,8,-10.256410256410264,21.016483516483508,1.8363978438773243,-0.08504555292696558,106.93925683987172,7.28,1702.6847916619486,-6.4892568398717145,1.5300000000000002,61.87520833805138,-6.068170877219179,21.016483516483518,3.6339790336446547,6.194097224302998,-6.068170877219179
2022-09-01,89.76,7.88,1680.78,99.11562,272,2022,9,-10.642110502737678,-10.556186152099889,-4.74792582853516,-0.13591868334794643,95.67750744664339,8.81,1773.8757109328162,-5.917507446643384,-0.9300000000000006,-93.09571093281625,-6.184846997548936,-10.556186152099894,-5.248152977068536,-7.329728708905788,-6.184846997548936
2022-10-01,93.33,5.66,1664.45,99.03558,273,2022,10,3.9772727272727293,-28.17258883248731,-0.9715727221885073,-0.08075417376193217,85.65976649203154,7.879999999999999,1650.011267218181,7.670233507968462,-2.219999999999999,14.438732781818999,8.954301210571222,-28.1725888324873,0.8750687385403025,-6.114406294458591,8.954301210571222
2022-11-01,91.42,5.45,1725.07,98.85457,274,2022,11,-2.046501660773592,-3.7102473498233257,3.642043918411475,-0.18277269643899308,93.91125534525072,5.66,1656.0457788645629,-2.491255345250721,-0.20999999999999996,69.02422113543707,-2.652776108776304,-3.710247349823321,4.168014074028934,-0.7316697948568969,-2.652776108776304
2022-12-01,80.92,5.53,1797.55,98.92783,275,2022,12,-11.485451761102606,1.4678899082568808,4.201568631997543,0.07410886517438264,90.25410269477092,5.45,1734.860666622459,-9.33410269477092,0.08000000000000007,62.68933337754106,-10.342025920237433,1.467889908256882,3.613508253639111,-1.753542586113813,-10.342025920237433
2023-01-01,82.5,3.27,1897.71,98.87371,276,2023,1,1.9525457241720279,-40.86799276672694,5.572028594475809,-0.05470654718696677,77.25683501110538,5.53,1813.0668761976392,5.24316498889462,-2.2600000000000002,84.64312380236083,6.786668115696086,-40.86799276672694,4.668505332791377,-9.804273106079826,6.786668115696086
2023-02-01,82.59,2.38,1854.54,98.86864,277,2023,2,0.10909090909090313,-27.217125382262996,-2.2748470525001174,-0.00512775337346838,82.84050503952925,3.2700000000000005,1926.778284612431,-0.2505050395292443,-0.8900000000000006,-72.23828461243102,-0.3023943895678932,-27.217125382263013,-3.7491747332496876,-10.422898168360199,-0.3023943895678932
2023-03-01,78.43,2.31,1912.73,99.0257,278,2023,3,-5.03692941034023,-2.941176470588225,3.1377053069763905,0.15885724735367202,82.43529270262934,2.38,1845.365576175587,-4.005292702629333,-0.06999999999999984,67.36442382441305,-4.8587110827369955,-2.941176470588229,3.650464964455548,-1.3831408629565587,-4.8587110827369955
2023-04-01,84.64,2.16,1999.77,99.00867,279,2023,4,7.917888563049846,-6.493506493506485,4.55056385375876,-0.01719755578603044,77.00089728698593,2.31,1937.8279970308902,7.6391027130140685,-0.1499999999999999,61.94200296910981,9.920797006485232,-6.49350649350649,3.1964654790836122,2.207918664020785,9.920797006485232
2023-05-01,75.47,2.15,1992.13,99.22572,280,2023,5,-10.834120982986772,-0.4629629629629761,-0.3820439350525229,0.21922322560237184,86.47646871077855,2.16,2030.5914152818814,-11.006468710778549,-0.010000000000000231,-38.46141528188127,-12.727703703524018,-0.4629629629629736,-1.8940991768421396,-5.02825528110971,-12.727703703524018
2023-06-01,74.84,2.18,1942.9,99.42737,281,2023,6,-0.8347687822975902,1.3953488372093092,-2.471224267492589,0.2032235190634113,72.47396484624676,2.15,1999.268739690469,2.366035153753245,0.03000000000000025,-56.36873969046883,3.264669124661221,1.395348837209314,-2.819467866996008,0.6135166982915091,3.264669124661221
2023-07-01,80.11,2.55,1951.02,99.42946,282,2023,7,7.04168893639765,16.972477064220158,0.4179319573832885,0.0021020368938806655,74.72741093665218,2.18,1940.278347055476,5.382589063347822,0.36999999999999966,10.741652944524049,7.20296474329981,16.97247706422017,0.5536140193918747,8.243018608970617,7.20296474329981
2023-08-01,86.15,2.58,1918.7,99.53405,283,2023,8,7.539633004618662,1.1764705882353121,-1.6565693842195306,0.10519015189258685,81.7904928233234,2.55,1962.4471691137912,4.359507176676601,0.03000000000000025,-43.74716911379119,5.330090364039771,1.176470588235304,-2.2292151249883934,1.425781942428894,5.330090364039771
2023-09-01,93.72,2.64,1915.95,99.49506,284,2023,9,8.786999419616937,2.3255813953488413,-0.14332621045499705,-0.03917252437733998,87.8835924108946,2.58,1914.7537763725093,5.836407589105406,0.06000000000000005,1.196223627490781,6.641066243420755,2.325581395348839,0.06247401844831559,3.009707219072636,6.641066243420755
2023-10-01,90.6,2.98,1916.25,99.45586,285,2023,10,-3.3290653008962945,12.878787878787868,0.01565802865419741,-0.0393989410127471,95.71715971996788,2.64,1920.756155596148,-5.117159719967887,0.33999999999999986,-4.506155596147892,-5.346125746876272,12.878787878787874,-0.23460320993995773,2.4326863073238814,-5.346125746876272
2023-11-01,82.94,2.71,1984.11,99.42413,286,2023,11,-8.454746136865342,-9.060402684563762,3.541291585127193,-0.03190360025039363,89.14098473867708,2.98,1919.433203389668,-6.200984738677079,-0.27,64.67679661033185,-6.956378995425832,-9.060402684563758,3.3695778783087813,-4.21573460056027,-6.956378995425832
2023-12-01,77.63,2.52,2026.18,99.39323,287,2023,12,-6.402218471183996,-7.011070110701101,2.120346150163055,-0.031078974490394984,80.23959808882968,2.71,2007.7232713309716,-2.609598088829685,-0.18999999999999995,18.456728669028507,-3.2522571784827674,-7.011070110701105,0.9192864839780965,-3.114680268401926,-3.2522571784827674
2024-01-01,80.12,3.18,2034.04,99.35863,288,2024,1,3.207522864871848,26.190476190476186,0.38792209971472147,-0.034811224064257296,75.90686914956983,2.5199999999999996,2042.8699086979543,4.213130850430176,0.6600000000000006,-8.829908697954352,5.550394710824471,26.190476190476218,-0.4322305918922753,10.43621343646947,5.550394710824471
2024-02-01,83.48,1.72,2023.24,99.32615,289,2024,2,4.193709435846227,-45.911949685534594,-0.5309630095770013,-0.03268966168313847,80.92511136948275,3.18,2044.4238283180407,2.5548886305172545,-1.4600000000000002,-21.183828318040696,3.157102396624832,-45.911949685534594,-1.036175964328725,-14.597007751079497,3.157102396624832
2024-03-01,85.41,1.49,2158.01,99.31516,290,2024,3,2.3119310014374506,-13.372093023255815,6.661098040766311,-0.01106455852762922,84.46206021270483,1.72,2028.8330389934326,0.9479397872951694,-0.22999999999999998,129.17696100656758,1.1223261484599445,-13.372093023255813,6.3670572454131715,-1.9609032097942325,1.1223261484599445
2024-04-01,89.94,1.6,2331.45,99.34466,291,2024,4,5.303828591499826,7.38255033557047,8.037034119397024,0.029703420907734035,85.8515529020102,1.49,2206.742016574561,4.0884470979898,0.1100000000000001,124.70798342543867,4.7622284743716845,7.382550335570476,5.65122621895866,5.932001676300274,4.7622284743716845
2024-05-01,81.75,2.12,2351.13,99.41989,292,2024,5,-9.1060707138092,32.49999999999999,0.8441098886958986,0.07572626450178532,91.10561639769925,1.6,2392.94908112103,-9.35561639769925,0.52,-41.81908112102974,-10.268978760716132,32.5,-1.7475959455618115,6.827808431240686,-10.268978760716132
2024-06-01,82.25,2.54,2326.44,99.55129,293,2024,6,0.6116207951070374,19.811320754716988,-1.0501333401385704,0.13216671231481847,78.94598615653054,2.12,2375.738478762377,3.3040138434694626,0.41999999999999993,-49.29847876237682,4.1851574783275405,19.811320754716977,-2.075080199402187,7.307132677880777,4.1851574783275405
2024-07-01,85.15,2.07,2398.2,99.74041,294,2024,7,3.5258358662614064,-18.50393700787403,3.084541187393608,0.1899724252694357,82.34628620923539,2.54,2343.9643404752073,2.8037137907646184,-0.4700000000000002,54.23565952479248,3.4047847448039175,-18.503937007874026,2.313843200950614,-4.261769687373165,3.4047847448039175
2024-08-01,80.36,1.99,2470.15,99.94691,295,2024,8,-5.625366999412806,-3.864734299516903,3.0001667917604946,0.20703744851260364,85.9540996918061,2.07,2441.4700538896413,-5.594099691806107,-0.07999999999999985,28.679946110358742,-6.508240691094558,-3.864734299516901,1.174699892987306,-3.066091699208051,-6.508240691094558
2024-09-01,74.02,2.28,2570.55,100.1145,296,2024,9,-7.889497262319567,14.572864321608026,4.064530494099561,0.16767902079213304,78.75679047490739,1.9899999999999998,2511.469024018771,-4.736790474907394,0.29000000000000004,59.08097598122913,-6.014453415818891,14.572864321608044,2.3524469311068654,3.6369526122986726,-6.014453415818891
2024-10-01,75.63,2.2,2690.08,100.2006,297,2024,10,2.175087814104293,-3.50877192982455,4.649977631246216,0.08600152825013474,72.1158180400055,2.28,2624.024233924949,3.5141819599945023,-0.07999999999999963,66.055766075051,4.872969697223772,-3.508771929824545,2.5173458850357666,1.2938478841449979,4.872969697223772
2024-11-01,74.35,2.12,2651.13,100.2044,298,2024,11,-1.69245008594473,-3.6363636363636376,-1.4479123297448382,0.0037923924607330406,76.32807126137932,2.2,2751.9336013479974,-1.978071261379327,-0.08000000000000007,-100.8036013479973,-2.5915383799042706,-3.636363636363639,-3.6630099395792115,-3.2969706519490405,-2.5915383799042706
2024-12-01,73.86,3.01,2648.01,100.1348,299,2024,12,-0.6590450571620665,41.98113207547167,-0.11768566611217723,-0.06945802779120269,74.11633444132968,2.12,2669.4431424656905,-0.25633444132968464,0.8899999999999997,-21.433142465690253,-0.3458541808116514,41.981132075471685,-0.8029068731500704,13.610790340503321,-0.3458541808116514
2025-01-01,79.27,4.13,2709.69,100.0133,300,2025,1,7.324668291362024,37.2093023255814,2.32929633951533,-0.12133643848092346,73.90028849727776,3.01,2678.99661479367,5.3697115027222395,1.12,30.693385206330277,7.266157699668577,37.2093023255814,1.1457045162669686,15.207054847172314,7.266157699668577
2025-02-01,75.44,4.19,2894.73,99.87246,301,2025,2,-4.831588242714768,1.4527845036319764,6.828825437596175,-0.1408212707709855,81.09419707849997,4.13,2753.8810524333076,-5.654197078499976,0.0600000000000005,140.84894756669246,-6.972381849994344,1.4527845036319733,5.114561772457073,-0.13501185796843274,-6.972381849994344
2025-03-01,72.73,4.12,2983.25,99.76691,302,2025,3,-3.5922587486744373,-1.670644391408116,3.057970864294779,-0.105684790381666,74.29643076570909,4.19,2975.437670783989,-1.566430765709086,-0.07000000000000028,7.812329216011221,-2.108352648391367,-1.670644391408121,0.26256067444198133,-1.1721454551191688,-2.108352648391367
2025-04-01,68.13,3.42,3217.64,99.74724,303,2025,4,-6.324762821394215,-16.990291262135926,7.856867510265642,-0.019715955921650874,72.05006145966658,4.12,3038.893851211169,-3.9200614596665844,-0.7000000000000002,178.74614878883085,-5.440746864402084,-16.990291262135926,5.8819477593003295,-5.516363455745894,-5.440746864402084
2025-05-01,64.45,3.12,3309.49,99.82082,304,2025,5,-5.401438426537486,-8.771929824561397,2.8545766462376054,0.07376645208427846,66.96565189990156,3.42,3325.5833076934755,-2.515651899901556,-0.2999999999999998,-16.093307693475708,-3.7566301955245422,-8.771929824561399,-0.4839243586604824,-4.337494792915474,-3.7566301955245422
2025-06-01,71.44,3.02,3352.66,99.96535,305,2025,6,10.845616757176103,-3.205128205128205,1.3044305920247634,0.14478943370732633,63.70599966228702,3.12,3377.715285063617,7.734000337712978,-0.10000000000000009,-25.055285063617248,12.140144379982766,-3.2051282051282075,-0.7417820316120974,2.7310780477474874,12.140144379982766
2025-07-01,71.04,3.2,3340.15,100.1621,306,2025,7,-0.5599104143336975,5.96026490066226,-0.373136554258402,0.19681819750543283,74.01380569411873,3.02,3415.9563128295254,-2.973805694118724,0.18000000000000016,-75.80631282952527,-4.017906748922962,5.960264900662257,-2.219182737929483,-0.09227486206339582,-4.017906748922962
2025-08-01,67.87,2.91,3368.03,100.3944,307,2025,8,-4.462274774774777,-9.062499999999996,0.8346930527072249,0.23192405111316372,71.13911290381591,3.2,3384.8910526218797,-3.269112903815909,-0.29000000000000004,-16.86105262187948,-4.5953804740803195,-9.062500000000002,-0.4981268927051342,-4.718669122261819,-4.5953804740803195
2025-09-01,67.99,2.97,3667.68,100.634,308,2025,9,0.17680860468540782,2.0618556701030855,8.896892248584475,0.23865872996899906,67.13988469135818,2.91,3421.8868591346672,0.8501153086418185,0.06000000000000005,245.7931408653326,1.2661852378058076,2.0618556701030943,7.182971003532512,3.5036706371471382,1.2661852378058076
2025-10-01,64.54,3.19,4058.33,100.8566,309,2025,10,-5.074275628768921,7.407407407407396,10.651147319286313,0.22119760717054238,68.34580790756115,2.97,3798.871328578895,-3.805807907561146,0.21999999999999975,259.458671421105,-5.568458438165753,7.407407407407399,6.829888379456245,2.889612449565963,-5.568458438165753
2025-11-01,63.8,3.79,4087.19,101.0193,310,2025,11,-1.1465757669662402,18.808777429467092,0.7111299475399901,0.16131814873792116,63.80451385051873,3.19,4220.29218608613,-0.004513850518733875,0.6000000000000001,-133.10218608612968,-0.007074500292109313,18.80877742946709,-3.153861870629572,5.215947019515135,-0.007074500292109313
2025-12-01,62.54,4.26,4309.23,101.0912,311,2025,12,-1.9749216300940398,12.401055408970961,5.432583266253821,0.07117451813662967,63.98196705688494,3.79,4158.231001704037,-1.4419670568849412,0.46999999999999975,150.99899829596234,-2.253708541975461,12.401055408970969,3.631327798625982,4.592891555207163,-2.253708541975461
2026-01-01,66.6,7.72,4752.75,101.0643,312,2026,1,6.491845219059789,81.2206572769953,10.292326007198515,-0.026609635655727715,62.57347298123981,4.26,4451.020089877648,4.026527018760184,3.46,301.7299101223516,6.434878594588126,81.22065727699531,6.778893467781352,31.4781431131216,6.434878594588126
2026-02-01,70.89,3.62,5019.97,100.9319,313,2026,2,6.441441441441453,-53.10880829015543,5.622429119983163,-0.13100570626819463,63.021050325238306,4.26,4563.064756862812,7.868949674761694,-0.6399999999999997,456.90524313718834,12.486224260230049,-15.023474178403747,10.013122045879506,2.491957375901936,12.486224260230049
2026-03-01,103.13,3.04,4855.54,100.734,314,2026,3,45.47891098885597,-16.022099447513817,-3.275517582774401,-0.19607279759917828,63.574222390663344,4.26,4674.422367370047,39.55577760933665,-1.2199999999999998,181.11763262995282,62.2198371004313,-28.638497652582156,3.874652703492311,12.485330717113818,62.2198371004313
2026-04-01,117.29,2.77,4721.42,100.5162,315,2026,4,13.730243382139061,-8.881578947368418,-2.762205645510074,-0.21621299660491422,64.12720547006683,4.26,4785.097134420969,53.16279452993318,-1.4899999999999998,-63.677134420969196,82.90209146061792,-34.97652582159624,-1.3307385959402178,15.53160901436049,82.90209146061792
