STRUCTURE,STRUCTURE_ID,STRUCTURE_NAME,ACTION,REF_AREA,Reference area,FREQ,Frequency of observation,MEASURE,Measure,UNIT_MEASURE,Unit of measure,ACTIVITY,Economic activity,ADJUSTMENT,Adjustment,TRANSFORMATION,Transformation,TIME_HORIZ,Time horizon,METHODOLOGY,Calculation methodology,TIME_PERIOD,Time period,OBS_VALUE,Observation value,OBS_STATUS,Observation status,UNIT_MULT,Unit multiplier,DECIMALS,Decimals,BASE_PER,Base period
DATAFLOW,OECD.SDD.STES:DSD_STES@DF_CLI(4.1),Composite leading indicators,I,IDN,Indonesia,M,Monthly,LI,Composite leading indicator (CLI),IX,Index,_Z,Not applicable,AA,Amplitude adjusted,IX,Index,_Z,Not applicable,H,OECD harmonised,2012-05,,100.6505,,A,Normal value,0,Units,2,Two,,
DATAFLOW,OECD.SDD.STES:DSD_STES@DF_CLI(4.1),Composite leading indicators,I,IDN,Indonesia,M,Monthly,LI,Composite leading indicator (CLI),IX,Index,_Z,Not applicable,AA,Amplitude adjusted,IX,Index,_Z,Not applicable,H,OECD harmonised,2012-04,,100.6586,,A,Normal value,0,Units,2,Two,,
DATAFLOW,OECD.SDD.STES:DSD_STES@DF_CLI(4.1),Composite leading indicators,I,IDN,Indonesia,M,Monthly,LI,Composite leading indicator (CLI),IX,Index,_Z,Not applicable,AA,Amplitude adjusted,IX,Index,_Z,Not applicable,H,OECD harmonised,2012-03,,100.7454,,A,Normal value,0,Units,2,Two,,
DATAFLOW,OECD.SDD.STES:DSD_STES@DF_CLI(4.1),Composite leading indicators,I,IDN,Indonesia,M,Monthly,LI,Composite leading indicator (CLI),IX,Index,_Z,Not applicable,AA,Amplitude adjusted,IX,Index,_Z,Not applicable,H,OECD harmonised,2012-02,,100.8881,,A,Normal value,0,Units,2,Two,,
DATAFLOW,OECD.SDD.STES:DSD_STES@DF_CLI(4.1),Composite leading indicators,I,IDN,Indonesia,M,Monthly,LI,Composite leading indicator (CLI),IX,Index,_Z,Not applicable,AA,Amplitude adjusted,IX,Index,_Z,Not applicable,H,OECD harmonised,2012-01,,101.0381,,A,Normal value,0,Units,2,Two,,
DATAFLOW,OECD.SDD.STES:DSD_STES@DF_CLI(4.1),Composite leading indicators,I,IDN,Indonesia,M,Monthly,LI,Composite leading indicator (CLI),IX,Index,_Z,Not applicable,AA,Amplitude adjusted,IX,Index,_Z,Not applicable,H,OECD harmonised,2010-07,,100.2971,,A,Normal value,0,Units,2,Two,,
DATAFLOW,OECD.SDD.STES:DSD_STES@DF_CLI(4.1),Composite leading indicators,I,IDN,Indonesia,M,Monthly,LI,Composite leading indicator (CLI),IX,Index,_Z,Not applicable,AA,Amplitude adjusted,IX,Index,_Z,Not applicable,H,OECD harmonised,2010-06,,100.2441,,A,Normal value,0,Units,2,Two,,
DATAFLOW,OECD.SDD.STES:DSD_STES@DF_CLI(4.1),Composite leading indicators,I,IDN,Indonesia,M,Monthly,LI,Composite leading indicator (CLI),IX,Index,_Z,Not applicable,AA,Amplitude adjusted,IX,Index,_Z,Not applicable,H,OECD harmonised,2010-05,,100.2312,,A,Normal value,0,Units,2,Two,,
DATAFLOW,OECD.SDD.STES:DSD_STES@DF_CLI(4.1),Composite leading indicators,I,IDN,Indonesia,M,Monthly,LI,Composite leading indicator (CLI),IX,Index,_Z,Not applicable,AA,Amplitude adjusted,IX,Index,_Z,Not applicable,H,OECD harmonised,2010-04,,100.2496,,A,Normal value,0,Units,2,Two,,
DATAFLOW,OECD.SDD.STES:DSD_STES@DF_CLI(4.1),Composite leading indicators,I,IDN,Indonesia,M,Monthly,LI,Composite leading indicator (CLI),IX,Index,_Z,Not applicable,AA,Amplitude adjusted,IX,Index,_Z,Not applicable,H,OECD harmonised,2010-03,,100.2649,,A,Normal value,0,Units,2,Two,,
DATAFLOW,OECD.SDD.STES:DSD_STES@DF_CLI(4.1),Composite leading indicators,I,IDN,Indonesia,M,Monthly,LI,Composite leading indicator (CLI),IX,Index,_Z,Not applicable,AA,Amplitude adjusted,IX,Index,_Z,Not applicable,H,OECD harmonised,2010-02,,100.2677,,A,Normal value,0,Units,2,Two,,
DATAFLOW,OECD.SDD.STES:DSD_STES@DF_CLI(4.1),Composite leading indicators,I,IDN,Indonesia,M,Monthly,LI,Composite leading indicator (CLI),IX,Index,_Z,Not applicable,AA,Amplitude adjusted,IX,Index,_Z,Not applicable,H,OECD harmonised,2010-01,,100.2788,,A,Normal value,0,Units,2,Two,,
DATAFLOW,OECD.SDD.STES:DSD_STES@DF_CLI(4.1),Composite leading indicators,I,IDN,Indonesia,M,Monthly,LI,Composite leading indicator (CLI),IX,Index,_Z,Not applicable,AA,Amplitude adjusted,IX,Index,_Z,Not applicable,H,OECD harmonised,2009-12,,100.3075,,A,Normal value,0,Units,2,Two,,
DATAFLOW,OECD.SDD.STES:DSD_STES@DF_CLI(4.1),Composite leading indicators,I,IDN,Indonesia,M,Monthly,LI,Composite leading indicator (CLI),IX,Index,_Z,Not applicable,AA,Amplitude adjusted,IX,Index,_Z,Not applicable,H,OECD harmonised,2009-11,,100.333,,A,Normal value,0,Units,2,Two,,
DATAFLOW,OECD.SDD.STES:DSD_STES@DF_CLI(4.1),Composite leading indicators,I,IDN,Indonesia,M,Monthly,LI,Composite leading indicator (CLI),IX,Index,_Z,Not applicable,AA,Amplitude adjusted,IX,Index,_Z,Not applicable,H,OECD harmonised,2009-10,,100.3226,,A,Normal value,0,Units,2,Two,,
DATAFLOW,OECD.SDD.STES:DSD_STES@DF_CLI(4.1),Composite leading indicators,I,IDN,Indonesia,M,Monthly,LI,Composite leading indicator (CLI),IX,Index,_Z,Not applicable,AA,Amplitude adjusted,IX,Index,_Z,Not applicable,H,OECD harmonised,2009-09,,100.2295,,A,Normal value,0,Units,2,Two,,
DATAFLOW,OECD.SDD.STES:DSD_STES@DF_CLI(4.1),Composite leading indicators,I,IDN,Indonesia,M,Monthly,LI,Composite leading indicator (CLI),IX,Index,_Z,Not applicable,AA,Amplitude adjusted,IX,Index,_Z,Not applicable,H,OECD harmonised,2009-08,,100.0306,,A,Normal value,0,Units,2,Two,,
DATAFLOW,OECD.SDD.STES:DSD_STES@DF_CLI(4.1),Composite leading indicators,I,IDN,Indonesia,M,Monthly,LI,Composite leading indicator (CLI),IX,Index,_Z,Not applicable,AA,Amplitude adjusted,IX,Index,_Z,Not applicable,H,OECD harmonised,2009-07,,99.70781,,A,Normal value,0,Units,2,Two,,
DATAFLOW,OECD.SDD.STES:DSD_STES@DF_CLI(4.1),Composite leading indicators,I,IDN,Indonesia,M,Monthly,LI,Composite leading indicator (CLI),IX,Index,_Z,Not applicable,AA,Amplitude adjusted,IX,Index,_Z,Not applicable,H,OECD harmonised,2009-06,,99.27216,,A,Normal value,0,Units,2,Two,,
DATAFLOW,OECD.SDD.STES:DSD_STES@DF_CLI(4.1),Composite leading indicators,I,IDN,Indonesia,M,Monthly,LI,Composite leading indicator (CLI),IX,Index,_Z,Not applicable,AA,Amplitude adjusted,IX,Index,_Z,Not applicable,H,OECD harmonised,2009-05,,98.76735,,A,Normal value,0,Units,2,Two,,
DATAFLOW,OECD.SDD.STES:DSD_STES@DF_CLI(4.1),Composite leading indicators,I,IDN,Indonesia,M,Monthly,LI,Composite leading indicator (CLI),IX,Index,_Z,Not applicable,AA,Amplitude adjusted,IX,Index,_Z,Not applicable,H,OECD harmonised,2009-04,,98.23094,,A,Normal value,0,Units,2,Two,,
DATAFLOW,OECD.SDD.STES:DSD_STES@DF_CLI(4.1),Composite leading indicators,I,IDN,Indonesia,M,Monthly,LI,Composite leading indicator (CLI),IX,Index,_Z,Not applicable,AA,Amplitude adjusted,IX,Index,_Z,Not applicable,H,OECD harmonised,2009-03,,97.70937,,A,Normal value,0,Units,2,Two,,
DATAFLOW,OECD.SDD.STES:DSD_STES@DF_CLI(4.1),Composite leading indicators,I,IDN,Indonesia,M,Monthly,LI,Composite leading indicator (CLI),IX,Index,_Z,Not applicable,AA,Amplitude adjusted,IX,Index,_Z,Not applicable,H,OECD harmonised,2009-02,,97.25518,,A,Normal value,0,Units,2,Two,,
DATAFLOW,OECD.SDD.STES:DSD_STES@DF_CLI(4.1),Composite leading indicators,I,IDN,Indonesia,M,Monthly,LI,Composite leading indicator (CLI),IX,Index,_Z,Not applicable,AA,Amplitude adjusted,IX,Index,_Z,Not applicable,H,OECD harmonised,2009-01,,96.89746,,A,Normal value,0,Units,2,Two,,
DATAFLOW,OECD.SDD.STES:DSD_STES@DF_CLI(4.1),Composite leading indicators,I,IDN,Indonesia,M,Monthly,LI,Composite leading indicator (CLI),IX,Index,_Z,Not applicable,AA,Amplitude adjusted,IX,Index,_Z,Not applicable,H,OECD harmonised,1996-01,,103.5969,,A,Normal value,0,Units,2,Two,,
DATAFLOW,OECD.SDD.STES:DSD_STES@DF_CLI(4.1),Composite leading indicators,I,IDN,Indonesia,M,Monthly,LI,Composite leading indicator (CLI),IX,Index,_Z,Not applicable,AA,Amplitude adjusted,IX,Index,_Z,Not applicable,H,OECD harmonised,1995-12,,103.0893,,A,Normal value,0,Units,2,Two,,
DATAFLOW,OECD.SDD.STES:DSD_STES@DF_CLI(4.1),Composite leading indicators,I,IDN,Indonesia,M,Monthly,LI,Composite leading indicator (CLI),IX,Index,_Z,Not applicable,AA,Amplitude adjusted,IX,Index,_Z,Not applicable,H,OECD harmonised,1995-11,,102.6396,,A,Normal value,0,Units,2,Two,,
DATAFLOW,OECD.SDD.STES:DSD_STES@DF_CLI(4.1),Composite leading indicators,I,IDN,Indonesia,M,Monthly,LI,Composite leading indicator (CLI),IX,Index,_Z,Not applicable,AA,Amplitude adjusted,IX,Index,_Z,Not applicable,H,OECD harmonised,1995-10,,102.272,,A,Normal value,0,Units,2,Two,,
DATAFLOW,OECD.SDD.STES:DSD_STES@DF_CLI(4.1),Composite leading indicators,I,IDN,Indonesia,M,Monthly,LI,Composite leading indicator (CLI),IX,Index,_Z,Not applicable,AA,Amplitude adjusted,IX,Index,_Z,Not applicable,H,OECD harmonised,2018-03,,99.94302,,A,Normal value,0,Units,2,Two,,
DATAFLOW,OECD.SDD.STES:DSD_STES@DF_CLI(4.1),Composite leading indicators,I,IDN,Indonesia,M,Monthly,LI,Composite leading indicator (CLI),IX,Index,_Z,Not applicable,AA,Amplitude adjusted,IX,Index,_Z,Not applicable,H,OECD harmonised,2018-02,,100.158,,A,Normal value,0,Units,2,Two,,
DATAFLOW,OECD.SDD.STES:DSD_STES@DF_CLI(4.1),Composite leading indicators,I,IDN,Indonesia,M,Monthly,LI,Composite leading indicator (CLI),IX,Index,_Z,Not applicable,AA,Amplitude adjusted,IX,Index,_Z,Not applicable,H,OECD harmonised,2015-12,,98.3084,,A,Normal value,0,Units,2,Two,,
DATAFLOW,OECD.SDD.STES:DSD_STES@DF_CLI(4.1),Composite leading indicators,I,IDN,Indonesia,M,Monthly,LI,Composite leading indicator (CLI),IX,Index,_Z,Not applicable,AA,Amplitude adjusted,IX,Index,_Z,Not applicable,H,OECD harmonised,2015-11,,98.21223,,A,Normal value,0,Units,2,Two,,
DATAFLOW,OECD.SDD.STES:DSD_STES@DF_CLI(4.1),Composite leading indicators,I,IDN,Indonesia,M,Monthly,LI,Composite leading indicator (CLI),IX,Index,_Z,Not applicable,AA,Amplitude adjusted,IX,Index,_Z,Not applicable,H,OECD harmonised,2015-10,,98.18163,,A,Normal value,0,Units,2,Two,,
DATAFLOW,OECD.SDD.STES:DSD_STES@DF_CLI(4.1),Composite leading indicators,I,IDN,Indonesia,M,Monthly,LI,Composite leading indicator (CLI),IX,Index,_Z,Not applicable,AA,Amplitude adjusted,IX,Index,_Z,Not applicable,H,OECD harmonised,2015-09,,98.23602,,A,Normal value,0,Units,2,Two,,
DATAFLOW,OECD.SDD.STES:DSD_STES@DF_CLI(4.1),Composite leading indicators,I,IDN,Indonesia,M,Monthly,LI,Composite leading indicator (CLI),IX,Index,_Z,Not applicable,AA,Amplitude adjusted,IX,Index,_Z,Not applicable,H,OECD harmonised,2015-08,,98.39778,,A,Normal value,0,Units,2,Two,,
DATAFLOW,OECD.SDD.STES:DSD_STES@DF_CLI(4.1),Composite leading indicators,I,IDN,Indonesia,M,Monthly,LI,Composite leading indicator (CLI),IX,Index,_Z,Not applicable,AA,Amplitude adjusted,IX,Index,_Z,Not applicable,H,OECD harmonised,2015-07,,98.63917,,A,Normal value,0,Units,2,Two,,
DATAFLOW,OECD.SDD.STES:DSD_STES@DF_CLI(4.1),Composite leading indicators,I,IDN,Indonesia,M,Monthly,LI,Composite leading indicator (CLI),IX,Index,_Z,Not applicable,AA,Amplitude adjusted,IX,Index,_Z,Not applicable,H,OECD harmonised,2015-06,,98.93192,,A,Normal value,0,Units,2,Two,,
DATAFLOW,OECD.SDD.STES:DSD_STES@DF_CLI(4.1),Composite leading indicators,I,IDN,Indonesia,M,Monthly,LI,Composite leading indicator (CLI),IX,Index,_Z,Not applicable,AA,Amplitude adjusted,IX,Index,_Z,Not applicable,H,OECD harmonised,2015-05,,99.24313,,A,Normal value,0,Units,2,Two,,
DATAFLOW,OECD.SDD.STES:DSD_STES@DF_CLI(4.1),Composite leading indicators,I,IDN,Indonesia,M,Monthly,LI,Composite leading indicator (CLI),IX,Index,_Z,Not applicable,AA,Amplitude adjusted,IX,Index,_Z,Not applicable,H,OECD harmonised,2015-04,,99.53653,,A,Normal value,0,Units,2,Two,,
DATAFLOW,OECD.SDD.STES:DSD_STES@DF_CLI(4.1),Composite leading indicators,I,IDN,Indonesia,M,Monthly,LI,Composite leading indicator (CLI),IX,Index,_Z,Not applicable,AA,Amplitude adjusted,IX,Index,_Z,Not applicable,H,OECD harmonised,2015-03,,99.77432,,A,Normal value,0,Units,2,Two,,
DATAFLOW,OECD.SDD.STES:DSD_STES@DF_CLI(4.1),Composite leading indicators,I,IDN,Indonesia,M,Monthly,LI,Composite leading indicator (CLI),IX,Index,_Z,Not applicable,AA,Amplitude adjusted,IX,Index,_Z,Not applicable,H,OECD harmonised,2015-02,,99.92068,,A,Normal value,0,Units,2,Two,,
DATAFLOW,OECD.SDD.STES:DSD_STES@DF_CLI(4.1),Composite leading indicators,I,IDN,Indonesia,M,Monthly,LI,Composite leading indicator (CLI),IX,Index,_Z,Not applicable,AA,Amplitude adjusted,IX,Index,_Z,Not applicable,H,OECD harmonised,2015-01,,99.98207,,A,Normal value,0,Units,2,Two,,
DATAFLOW,OECD.SDD.STES:DSD_STES@DF_CLI(4.1),Composite leading indicators,I,IDN,Indonesia,M,Monthly,LI,Composite leading indicator (CLI),IX,Index,_Z,Not applicable,AA,Amplitude adjusted,IX,Index,_Z,Not applicable,H,OECD harmonised,2014-12,,99.99355,,A,Normal value,0,Units,2,Two,,
DATAFLOW,OECD.SDD.STES:DSD_STES@DF_CLI(4.1),Composite leading indicators,I,IDN,Indonesia,M,Monthly,LI,Composite leading indicator (CLI),IX,Index,_Z,Not applicable,AA,Amplitude adjusted,IX,Index,_Z,Not applicable,H,OECD harmonised,2014-11,,99.99064,,A,Normal value,0,Units,2,Two,,
DATAFLOW,OECD.SDD.STES:DSD_STES@DF_CLI(4.1),Composite leading indicators,I,IDN,Indonesia,M,Monthly,LI,Composite leading indicator (CLI),IX,Index,_Z,Not applicable,AA,Amplitude adjusted,IX,Index,_Z,Not applicable,H,OECD harmonised,2014-10,,99.97803,,A,Normal value,0,Units,2,Two,,
DATAFLOW,OECD.SDD.STES:DSD_STES@DF_CLI(4.1),Composite leading indicators,I,IDN,Indonesia,M,Monthly,LI,Composite leading indicator (CLI),IX,Index,_Z,Not applicable,AA,Amplitude adjusted,IX,Index,_Z,Not applicable,H,OECD harmonised,2014-09,,99.95475,,A,Normal value,0,Units,2,Two,,
DATAFLOW,OECD.SDD.STES:DSD_STES@DF_CLI(4.1),Composite leading indicators,I,IDN,Indonesia,M,Monthly,LI,Composite leading indicator (CLI),IX,Index,_Z,Not applicable,AA,Amplitude adjusted,IX,Index,_Z,Not applicable,H,OECD harmonised,2014-08,,99.919,,A,Normal value,0,Units,2,Two,,
DATAFLOW,OECD.SDD.STES:DSD_STES@DF_CLI(4.1),Composite leading indicators,I,IDN,Indonesia,M,Monthly,LI,Composite leading indicator (CLI),IX,Index,_Z,Not applicable,AA,Amplitude adjusted,IX,Index,_Z,Not applicable,H,OECD harmonised,2014-07,,99.86151,,A,Normal value,0,Units,2,Two,,
DATAFLOW,OECD.SDD.STES:DSD_STES@DF_CLI(4.1),Composite leading indicators,I,IDN,Indonesia,M,Monthly,LI,Composite leading indicator (CLI),IX,Index,_Z,Not applicable,AA,Amplitude adjusted,IX,Index,_Z,Not applicable,H,OECD harmonised,2014-06,,99.7762,,A,Normal value,0,Units,2,Two,,
DATAFLOW,OECD.SDD.STES:DSD_STES@DF_CLI(4.1),Composite leading indicators,I,IDN,Indonesia,M,Monthly,LI,Composite leading indicator (CLI),IX,Index,_Z,Not applicable,AA,Amplitude adjusted,IX,Index,_Z,Not applicable,H,OECD harmonised,2014-05,,99.66417,,A,Normal value,0,Units,2,Two,,
DATAFLOW,OECD.SDD.STES:DSD_STES@DF_CLI(4.1),Composite leading indicators,I,IDN,Indonesia,M,Monthly,LI,Composite leading indicator (CLI),IX,Index,_Z,Not applicable,AA,Amplitude adjusted,IX,Index,_Z,Not applicable,H,OECD harmonised,2008-08,,96.80969,,A,Normal value,0,Units,2,Two,,
DATAFLOW,OECD.SDD.STES:DSD_STES@DF_CLI(4.1),Composite leading indicators,I,IDN,Indonesia,M,Monthly,LI,Composite leading indicator (CLI),IX,Index,_Z,Not applicable,AA,Amplitude adjusted,IX,Index,_Z,Not applicable,H,OECD harmonised,2008-07,,97.16253,,A,Normal value,0,Units,2,Two,,
DATAFLOW,OECD.SDD.STES:DSD_STES@DF_CLI(4.1),Composite leading indicators,I,IDN,Indonesia,M,Monthly,LI,Composite leading indicator (CLI),IX,Index,_Z,Not applicable,AA,Amplitude adjusted,IX,Index,_Z,Not applicable,H,OECD harmonised,2022-01,,98.64811,,A,Normal value,0,Units,2,Two,,
DATAFLOW,OECD.SDD.STES:DSD_STES@DF_CLI(4.1),Composite leading indicators,I,IDN,Indonesia,M,Monthly,LI,Composite leading indicator (CLI),IX,Index,_Z,Not applicable,AA,Amplitude adjusted,IX,Index,_Z,Not applicable,H,OECD harmonised,2021-12,,98.65418,,A,Normal value,0,Units,2,Two,,
DATAFLOW,OECD.SDD.STES:DSD_STES@DF_CLI(4.1),Composite leading indicators,I,IDN,Indonesia,M,Monthly,LI,Composite leading indicator (CLI),IX,Index,_Z,Not applicable,AA,Amplitude adjusted,IX,Index,_Z,Not applicable,H,OECD harmonised,2021-11,,98.63125,,A,Normal value,0,Units,2,Two,,
DATAFLOW,OECD.SDD.STES:DSD_STES@DF_CLI(4.1),Composite leading indicators,I,IDN,Indonesia,M,Monthly,LI,Composite leading indicator (CLI),IX,Index,_Z,Not applicable,AA,Amplitude adjusted,IX,Index,_Z,Not applicable,H,OECD harmonised,2021-10,,98.52543,,A,Normal value,0,Units,2,Two,,
DATAFLOW,OECD.SDD.STES:DSD_STES@DF_CLI(4.1),Composite leading indicators,I,IDN,Indonesia,M,Monthly,LI,Composite leading indicator (CLI),IX,Index,_Z,Not applicable,AA,Amplitude adjusted,IX,Index,_Z,Not applicable,H,OECD harmonised,2021-09,,97.17868,,A,Normal value,0,Units,2,Two,,
DATAFLOW,OECD.SDD.STES:DSD_STES@DF_CLI(4.1),Composite leading indicators,I,IDN,Indonesia,M,Monthly,LI,Composite leading indicator (CLI),IX,Index,_Z,Not applicable,AA,Amplitude adjusted,IX,Index,_Z,Not applicable,H,OECD harmonised,2023-02,,98.86864,,A,Normal value,0,Units,2,Two,,
DATAFLOW,OECD.SDD.STES:DSD_STES@DF_CLI(4.1),Composite leading indicators,I,IDN,Indonesia,M,Monthly,LI,Composite leading indicator (CLI),IX,Index,_Z,Not applicable,AA,Amplitude adjusted,IX,Index,_Z,Not applicable,H,OECD harmonised,2023-01,,98.87371,,A,Normal value,0,Units,2,Two,,
DATAFLOW,OECD.SDD.STES:DSD_STES@DF_CLI(4.1),Composite leading indicators,I,IDN,Indonesia,M,Monthly,LI,Composite leading indicator (CLI),IX,Index,_Z,Not applicable,AA,Amplitude adjusted,IX,Index,_Z,Not applicable,H,OECD harmonised,2022-12,,98.92783,,A,Normal value,0,Units,2,Two,,
DATAFLOW,OECD.SDD.STES:DSD_STES@DF_CLI(4.1),Composite leading indicators,I,IDN,Indonesia,M,Monthly,LI,Composite leading indicator (CLI),IX,Index,_Z,Not applicable,AA,Amplitude adjusted,IX,Index,_Z,Not applicable,H,OECD harmonised,2022-11,,98.85457,,A,Normal value,0,Units,2,Two,,
DATAFLOW,OECD.SDD.STES:DSD_STES@DF_CLI(4.1),Composite leading indicators,I,IDN,Indonesia,M,Monthly,LI,Composite leading indicator (CLI),IX,Index,_Z,Not applicable,AA,Amplitude adjusted,IX,Index,_Z,Not applicable,H,OECD harmonised,2022-10,,99.03558,,A,Normal value,0,Units,2,Two,,
DATAFLOW,OECD.SDD.STES:DSD_STES@DF_CLI(4.1),Composite leading indicators,I,IDN,Indonesia,M,Monthly,LI,Composite leading indicator (CLI),IX,Index,_Z,Not applicable,AA,Amplitude adjusted,IX,Index,_Z,Not applicable,H,OECD harmonised,2022-09,,99.11562,,A,Normal value,0,Units,2,Two,,
DATAFLOW,OECD.SDD.STES:DSD_STES@DF_CLI(4.1),Composite leading indicators,I,IDN,Indonesia,M,Monthly,LI,Composite leading indicator (CLI),IX,Index,_Z,Not applicable,AA,Amplitude adjusted,IX,Index,_Z,Not applicable,H,OECD harmonised,2022-08,,99.25052,,A,Normal value,0,Units,2,Two,,
DATAFLOW,OECD.SDD.STES:DSD_STES@DF_CLI(4.1),Composite leading indicators,I,IDN,Indonesia,M,Monthly,LI,Composite leading indicator (CLI),IX,Index,_Z,Not applicable,AA,Amplitude adjusted,IX,Index,_Z,Not applicable,H,OECD harmonised,2022-07,,99.335,,A,Normal value,0,Units,2,Two,,
DATAFLOW,OECD.SDD.STES:DSD_STES@DF_CLI(4.1),Composite leading indicators,I,IDN,Indonesia,M,Monthly,LI,Composite leading indicator (CLI),IX,Index,_Z,Not applicable,AA,Amplitude adjusted,IX,Index,_Z,Not applicable,H,OECD harmonised,2022-06,,99.319,,A,Normal value,0,Units,2,Two,,
DATAFLOW,OECD.SDD.STES:DSD_STES@DF_CLI(4.1),Composite leading indicators,I,IDN,Indonesia,M,Monthly,LI,Composite leading indicator (CLI),IX,Index,_Z,Not applicable,AA,Amplitude adjusted,IX,Index,_Z,Not applicable,H,OECD harmonised,2022-05,,99.08733,,A,Normal value,0,Units,2,Two,,
DATAFLOW,OECD.SDD.STES:DSD_STES@DF_CLI(4.1),Composite leading indicators,I,IDN,Indonesia,M,Monthly,LI,Composite leading indicator (CLI),IX,Index,_Z,Not applicable,AA,Amplitude adjusted,IX,Index,_Z,Not applicable,H,OECD harmonised,2022-04,,98.86514,,A,Normal value,0,Units,2,Two,,
DATAFLOW,OECD.SDD.STES:DSD_STES@DF_CLI(4.1),Composite leading indicators,I,IDN,Indonesia,M,Monthly,LI,Composite leading indicator (CLI),IX,Index,_Z,Not applicable,AA,Amplitude adjusted,IX,Index,_Z,Not applicable,H,OECD harmonised,2022-03,,98.68075,,A,Normal value,0,Units,2,Two,,
DATAFLOW,OECD.SDD.STES:DSD_STES@DF_CLI(4.1),Composite leading indicators,I,IDN,Indonesia,M,Monthly,LI,Composite leading indicator (CLI),IX,Index,_Z,Not applicable,AA,Amplitude adjusted,IX,Index,_Z,Not applicable,H,OECD harmonised,2022-02,,98.63584,,A,Normal value,0,Units,2,Two,,
DATAFLOW,OECD.SDD.STES:DSD_STES@DF_CLI(4.1),Composite leading indicators,I,IDN,Indonesia,M,Monthly,LI,Composite leading indicator (CLI),IX,Index,_Z,Not applicable,AA,Amplitude adjusted,IX,Index,_Z,Not applicable,H,OECD harmonised,1994-02,,102.6884,,A,Normal value,0,Units,2,Two,,
DATAFLOW,OECD.SDD.STES:DSD_STES@DF_CLI(4.1),Composite leading indicators,I,IDN,Indonesia,M,Monthly,LI,Composite leading indicator (CLI),IX,Index,_Z,Not applicable,AA,Amplitude adjusted,IX,Index,_Z,Not applicable,H,OECD harmonised,1994-01,,102.6102,,A,Normal value,0,Units,2,Two,,
DATAFLOW,OECD.SDD.STES:DSD_STES@DF_CLI(4.1),Composite leading indicators,I,IDN,Indonesia,M,Monthly,LI,Composite leading indicator (CLI),IX,Index,_Z,Not applicable,AA,Amplitude adjusted,IX,Index,_Z,Not applicable,H,OECD harmonised,2026-04,,100.5162,,A,Normal value,0,Units,2,Two,,
DATAFLOW,OECD.SDD.STES:DSD_STES@DF_CLI(4.1),Composite leading indicators,I,IDN,Indonesia,M,Monthly,LI,Composite leading indicator (CLI),IX,Index,_Z,Not applicable,AA,Amplitude adjusted,IX,Index,_Z,Not applicable,H,OECD harmonised,2026-03,,100.734,,A,Normal value,0,Units,2,Two,,
DATAFLOW,OECD.SDD.STES:DSD_STES@DF_CLI(4.1),Composite leading indicators,I,IDN,Indonesia,M,Monthly,LI,Composite leading indicator (CLI),IX,Index,_Z,Not applicable,AA,Amplitude adjusted,IX,Index,_Z,Not applicable,H,OECD harmonised,2026-02,,100.9319,,A,Normal value,0,Units,2,Two,,
DATAFLOW,OECD.SDD.STES:DSD_STES@DF_CLI(4.1),Composite leading indicators,I,IDN,Indonesia,M,Monthly,LI,Composite leading indicator (CLI),IX,Index,_Z,Not applicable,AA,Amplitude adjusted,IX,Index,_Z,Not applicable,H,OECD harmonised,2026-01,,101.0643,,A,Normal value,0,Units,2,Two,,
DATAFLOW,OECD.SDD.STES:DSD_STES@DF_CLI(4.1),Composite leading indicators,I,IDN,Indonesia,M,Monthly,LI,Composite leading indicator (CLI),IX,Index,_Z,Not applicable,AA,Amplitude adjusted,IX,Index,_Z,Not applicable,H,OECD harmonised,2024-12,,100.1348,,A,Normal value,0,Units,2,Two,,
DATAFLOW,OECD.SDD.STES:DSD_STES@DF_CLI(4.1),Composite leading indicators,I,IDN,Indonesia,M,Monthly,LI,Composite leading indicator (CLI),IX,Index,_Z,Not applicable,AA,Amplitude adjusted,IX,Index,_Z,Not applicable,H,OECD harmonised,2024-11,,100.2044,,A,Normal value,0,Units,2,Two,,
DATAFLOW,OECD.SDD.STES:DSD_STES@DF_CLI(4.1),Composite leading indicators,I,IDN,Indonesia,M,Monthly,LI,Composite leading indicator (CLI),IX,Index,_Z,Not applicable,AA,Amplitude adjusted,IX,Index,_Z,Not applicable,H,OECD harmonised,2024-10,,100.2006,,A,Normal value,0,Units,2,Two,,
DATAFLOW,OECD.SDD.STES:DSD_STES@DF_CLI(4.1),Composite leading indicators,I,IDN,Indonesia,M,Monthly,LI,Composite leading indicator (CLI),IX,Index,_Z,Not applicable,AA,Amplitude adjusted,IX,Index,_Z,Not applicable,H,OECD harmonised,2024-09,,100.1145,,A,Normal value,0,Units,2,Two,,
DATAFLOW,OECD.SDD.STES:DSD_STES@DF_CLI(4.1),Composite leading indicators,I,IDN,Indonesia,M,Monthly,LI,Composite leading indicator (CLI),IX,Index,_Z,Not applicable,AA,Amplitude adjusted,IX,Index,_Z,Not applicable,H,OECD harmonised,2024-08,,99.94691,,A,Normal value,0,Units,2,Two,,
DATAFLOW,OECD.SDD.STES:DSD_STES@DF_CLI(4.1),Composite leading indicators,I,IDN,Indonesia,M,Monthly,LI,Composite leading indicator (CLI),IX,Index,_Z,Not applicable,AA,Amplitude adjusted,IX,Index,_Z,Not applicable,H,OECD harmonised,2024-07,,99.74041,,A,Normal value,0,Units,2,Two,,
DATAFLOW,OECD.SDD.STES:DSD_STES@DF_CLI(4.1),Composite leading indicators,I,IDN,Indonesia,M,Monthly,LI,Composite leading indicator (CLI),IX,Index,_Z,Not applicable,AA,Amplitude adjusted,IX,Index,_Z,Not applicable,H,OECD harmonised,2024-06,,99.55129,,A,Normal value,0,Units,2,Two,,
DATAFLOW,OECD.SDD.STES:DSD_STES@DF_CLI(4.1),Composite leading indicators,I,IDN,Indonesia,M,Monthly,LI,Composite leading indicator (CLI),IX,Index,_Z,Not applicable,AA,Amplitude adjusted,IX,Index,_Z,Not applicable,H,OECD harmonised,2024-05,,99.41989,,A,Normal value,0,Units,2,Two,,
DATAFLOW,OECD.SDD.STES:DSD_STES@DF_CLI(4.1),Composite leading indicators,I,IDN,Indonesia,M,Monthly,LI,Composite leading indicator (CLI),IX,Index,_Z,Not applicable,AA,Amplitude adjusted,IX,Index,_Z,Not applicable,H,OECD harmonised,2024-04,,99.34466,,A,Normal value,0,Units,2,Two,,
DATAFLOW,OECD.SDD.STES:DSD_STES@DF_CLI(4.1),Composite leading indicators,I,IDN,Indonesia,M,Monthly,LI,Composite leading indicator (CLI),IX,Index,_Z,Not applicable,AA,Amplitude adjusted,IX,Index,_Z,Not applicable,H,OECD harmonised,2024-03,,99.31516,,A,Normal value,0,Units,2,Two,,
DATAFLOW,OECD.SDD.STES:DSD_STES@DF_CLI(4.1),Composite leading indicators,I,IDN,Indonesia,M,Monthly,LI,Composite leading indicator (CLI),IX,Index,_Z,Not applicable,AA,Amplitude adjusted,IX,Index,_Z,Not applicable,H,OECD harmonised,2024-02,,99.32615,,A,Normal value,0,Units,2,Two,,
DATAFLOW,OECD.SDD.STES:DSD_STES@DF_CLI(4.1),Composite leading indicators,I,IDN,Indonesia,M,Monthly,LI,Composite leading indicator (CLI),IX,Index,_Z,Not applicable,AA,Amplitude adjusted,IX,Index,_Z,Not applicable,H,OECD harmonised,2024-01,,99.35863,,A,Normal value,0,Units,2,Two,,
DATAFLOW,OECD.SDD.STES:DSD_STES@DF_CLI(4.1),Composite leading indicators,I,IDN,Indonesia,M,Monthly,LI,Composite leading indicator (CLI),IX,Index,_Z,Not applicable,AA,Amplitude adjusted,IX,Index,_Z,Not applicable,H,OECD harmonised,2023-12,,99.39323,,A,Normal value,0,Units,2,Two,,
DATAFLOW,OECD.SDD.STES:DSD_STES@DF_CLI(4.1),Composite leading indicators,I,IDN,Indonesia,M,Monthly,LI,Composite leading indicator (CLI),IX,Index,_Z,Not applicable,AA,Amplitude adjusted,IX,Index,_Z,Not applicable,H,OECD harmonised,2023-11,,99.42413,,A,Normal value,0,Units,2,Two,,
DATAFLOW,OECD.SDD.STES:DSD_STES@DF_CLI(4.1),Composite leading indicators,I,IDN,Indonesia,M,Monthly,LI,Composite leading indicator (CLI),IX,Index,_Z,Not applicable,AA,Amplitude adjusted,IX,Index,_Z,Not applicable,H,OECD harmonised,2023-10,,99.45586,,A,Normal value,0,Units,2,Two,,
DATAFLOW,OECD.SDD.STES:DSD_STES@DF_CLI(4.1),Composite leading indicators,I,IDN,Indonesia,M,Monthly,LI,Composite leading indicator (CLI),IX,Index,_Z,Not applicable,AA,Amplitude adjusted,IX,Index,_Z,Not applicable,H,OECD harmonised,2023-09,,99.49506,,A,Normal value,0,Units,2,Two,,
DATAFLOW,OECD.SDD.STES:DSD_STES@DF_CLI(4.1),Composite leading indicators,I,IDN,Indonesia,M,Monthly,LI,Composite leading indicator (CLI),IX,Index,_Z,Not applicable,AA,Amplitude adjusted,IX,Index,_Z,Not applicable,H,OECD harmonised,2023-08,,99.53405,,A,Normal value,0,Units,2,Two,,
DATAFLOW,OECD.SDD.STES:DSD_STES@DF_CLI(4.1),Composite leading indicators,I,IDN,Indonesia,M,Monthly,LI,Composite leading indicator (CLI),IX,Index,_Z,Not applicable,AA,Amplitude adjusted,IX,Index,_Z,Not applicable,H,OECD harmonised,2023-07,,99.42946,,A,Normal value,0,Units,2,Two,,
DATAFLOW,OECD.SDD.STES:DSD_STES@DF_CLI(4.1),Composite leading indicators,I,IDN,Indonesia,M,Monthly,LI,Composite leading indicator (CLI),IX,Index,_Z,Not applicable,AA,Amplitude adjusted,IX,Index,_Z,Not applicable,H,OECD harmonised,2023-06,,99.42737,,A,Normal value,0,Units,2,Two,,
DATAFLOW,OECD.SDD.STES:DSD_STES@DF_CLI(4.1),Composite leading indicators,I,IDN,Indonesia,M,Monthly,LI,Composite leading indicator (CLI),IX,Index,_Z,Not applicable,AA,Amplitude adjusted,IX,Index,_Z,Not applicable,H,OECD harmonised,2023-05,,99.22572,,A,Normal value,0,Units,2,Two,,
DATAFLOW,OECD.SDD.STES:DSD_STES@DF_CLI(4.1),Composite leading indicators,I,IDN,Indonesia,M,Monthly,LI,Composite leading indicator (CLI),IX,Index,_Z,Not applicable,AA,Amplitude adjusted,IX,Index,_Z,Not applicable,H,OECD harmonised,2023-04,,99.00867,,A,Normal value,0,Units,2,Two,,
DATAFLOW,OECD.SDD.STES:DSD_STES@DF_CLI(4.1),Composite leading indicators,I,IDN,Indonesia,M,Monthly,LI,Composite leading indicator (CLI),IX,Index,_Z,Not applicable,AA,Amplitude adjusted,IX,Index,_Z,Not applicable,H,OECD harmonised,2023-03,,99.0257,,A,Normal value,0,Units,2,Two,,
DATAFLOW,OECD.SDD.STES:DSD_STES@DF_CLI(4.1),Composite leading indicators,I,IDN,Indonesia,M,Monthly,LI,Composite leading indicator (CLI),IX,Index,_Z,Not applicable,AA,Amplitude adjusted,IX,Index,_Z,Not applicable,H,OECD harmonised,2013-04,,101.6371,,A,Normal value,0,Units,2,Two,,
DATAFLOW,OECD.SDD.STES:DSD_STES@DF_CLI(4.1),Composite leading indicators,I,IDN,Indonesia,M,Monthly,LI,Composite leading indicator (CLI),IX,Index,_Z,Not applicable,AA,Amplitude adjusted,IX,Index,_Z,Not applicable,H,OECD harmonised,2013-03,,101.739,,A,Normal value,0,Units,2,Two,,
DATAFLOW,OECD.SDD.STES:DSD_STES@DF_CLI(4.1),Composite leading indicators,I,IDN,Indonesia,M,Monthly,LI,Composite leading indicator (CLI),IX,Index,_Z,Not applicable,AA,Amplitude adjusted,IX,Index,_Z,Not applicable,H,OECD harmonised,2013-02,,101.7375,,A,Normal value,0,Units,2,Two,,
DATAFLOW,OECD.SDD.STES:DSD_STES@DF_CLI(4.1),Composite leading indicators,I,IDN,Indonesia,M,Monthly,LI,Composite leading indicator (CLI),IX,Index,_Z,Not applicable,AA,Amplitude adjusted,IX,Index,_Z,Not applicable,H,OECD harmonised,2013-01,,101.675,,A,Normal value,0,Units,2,Two,,
DATAFLOW,OECD.SDD.STES:DSD_STES@DF_CLI(4.1),Composite leading indicators,I,IDN,Indonesia,M,Monthly,LI,Composite leading indicator (CLI),IX,Index,_Z,Not applicable,AA,Amplitude adjusted,IX,Index,_Z,Not applicable,H,OECD harmonised,2012-12,,101.5804,,A,Normal value,0,Units,2,Two,,
DATAFLOW,OECD.SDD.STES:DSD_STES@DF_CLI(4.1),Composite leading indicators,I,IDN,Indonesia,M,Monthly,LI,Composite leading indicator (CLI),IX,Index,_Z,Not applicable,AA,Amplitude adjusted,IX,Index,_Z,Not applicable,H,OECD harmonised,2012-11,,101.4542,,A,Normal value,0,Units,2,Two,,
DATAFLOW,OECD.SDD.STES:DSD_STES@DF_CLI(4.1),Composite leading indicators,I,IDN,Indonesia,M,Monthly,LI,Composite leading indicator (CLI),IX,Index,_Z,Not applicable,AA,Amplitude adjusted,IX,Index,_Z,Not applicable,H,OECD harmonised,2012-10,,101.2894,,A,Normal value,0,Units,2,Two,,
DATAFLOW,OECD.SDD.STES:DSD_STES@DF_CLI(4.1),Composite leading indicators,I,IDN,Indonesia,M,Monthly,LI,Composite leading indicator (CLI),IX,Index,_Z,Not applicable,AA,Amplitude adjusted,IX,Index,_Z,Not applicable,H,OECD harmonised,2012-09,,101.1122,,A,Normal value,0,Units,2,Two,,
DATAFLOW,OECD.SDD.STES:DSD_STES@DF_CLI(4.1),Composite leading indicators,I,IDN,Indonesia,M,Monthly,LI,Composite leading indicator (CLI),IX,Index,_Z,Not applicable,AA,Amplitude adjusted,IX,Index,_Z,Not applicable,H,OECD harmonised,2012-08,,100.9465,,A,Normal value,0,Units,2,Two,,
DATAFLOW,OECD.SDD.STES:DSD_STES@DF_CLI(4.1),Composite leading indicators,I,IDN,Indonesia,M,Monthly,LI,Composite leading indicator (CLI),IX,Index,_Z,Not applicable,AA,Amplitude adjusted,IX,Index,_Z,Not applicable,H,OECD harmonised,2012-07,,100.8119,,A,Normal value,0,Units,2,Two,,
DATAFLOW,OECD.SDD.STES:DSD_STES@DF_CLI(4.1),Composite leading indicators,I,IDN,Indonesia,M,Monthly,LI,Composite leading indicator (CLI),IX,Index,_Z,Not applicable,AA,Amplitude adjusted,IX,Index,_Z,Not applicable,H,OECD harmonised,2012-06,,100.7089,,A,Normal value,0,Units,2,Two,,
DATAFLOW,OECD.SDD.STES:DSD_STES@DF_CLI(4.1),Composite leading indicators,I,IDN,Indonesia,M,Monthly,LI,Composite leading indicator (CLI),IX,Index,_Z,Not applicable,AA,Amplitude adjusted,IX,Index,_Z,Not applicable,H,OECD harmonised,1998-06,,89.6441,,A,Normal value,0,Units,2,Two,,
DATAFLOW,OECD.SDD.STES:DSD_STES@DF_CLI(4.1),Composite leading indicators,I,IDN,Indonesia,M,Monthly,LI,Composite leading indicator (CLI),IX,Index,_Z,Not applicable,AA,Amplitude adjusted,IX,Index,_Z,Not applicable,H,OECD harmonised,1998-05,,90.87445,,A,Normal value,0,Units,2,Two,,
DATAFLOW,OECD.SDD.STES:DSD_STES@DF_CLI(4.1),Composite leading indicators,I,IDN,Indonesia,M,Monthly,LI,Composite leading indicator (CLI),IX,Index,_Z,Not applicable,AA,Amplitude adjusted,IX,Index,_Z,Not applicable,H,OECD harmonised,1998-04,,92.61621,,A,Normal value,0,Units,2,Two,,
DATAFLOW,OECD.SDD.STES:DSD_STES@DF_CLI(4.1),Composite leading indicators,I,IDN,Indonesia,M,Monthly,LI,Composite leading indicator (CLI),IX,Index,_Z,Not applicable,AA,Amplitude adjusted,IX,Index,_Z,Not applicable,H,OECD harmonised,1998-03,,94.59029,,A,Normal value,0,Units,2,Two,,
DATAFLOW,OECD.SDD.STES:DSD_STES@DF_CLI(4.1),Composite leading indicators,I,IDN,Indonesia,M,Monthly,LI,Composite leading indicator (CLI),IX,Index,_Z,Not applicable,AA,Amplitude adjusted,IX,Index,_Z,Not applicable,H,OECD harmonised,1998-02,,96.58028,,A,Normal value,0,Units,2,Two,,
DATAFLOW,OECD.SDD.STES:DSD_STES@DF_CLI(4.1),Composite leading indicators,I,IDN,Indonesia,M,Monthly,LI,Composite leading indicator (CLI),IX,Index,_Z,Not applicable,AA,Amplitude adjusted,IX,Index,_Z,Not applicable,H,OECD harmonised,1998-01,,98.45212,,A,Normal value,0,Units,2,Two,,
DATAFLOW,OECD.SDD.STES:DSD_STES@DF_CLI(4.1),Composite leading indicators,I,IDN,Indonesia,M,Monthly,LI,Composite leading indicator (CLI),IX,Index,_Z,Not applicable,AA,Amplitude adjusted,IX,Index,_Z,Not applicable,H,OECD harmonised,2018-01,,100.3595,,A,Normal value,0,Units,2,Two,,
DATAFLOW,OECD.SDD.STES:DSD_STES@DF_CLI(4.1),Composite leading indicators,I,IDN,Indonesia,M,Monthly,LI,Composite leading indicator (CLI),IX,Index,_Z,Not applicable,AA,Amplitude adjusted,IX,Index,_Z,Not applicable,H,OECD harmonised,2017-12,,100.5302,,A,Normal value,0,Units,2,Two,,
DATAFLOW,OECD.SDD.STES:DSD_STES@DF_CLI(4.1),Composite leading indicators,I,IDN,Indonesia,M,Monthly,LI,Composite leading indicator (CLI),IX,Index,_Z,Not applicable,AA,Amplitude adjusted,IX,Index,_Z,Not applicable,H,OECD harmonised,2017-11,,100.6763,,A,Normal value,0,Units,2,Two,,
DATAFLOW,OECD.SDD.STES:DSD_STES@DF_CLI(4.1),Composite leading indicators,I,IDN,Indonesia,M,Monthly,LI,Composite leading indicator (CLI),IX,Index,_Z,Not applicable,AA,Amplitude adjusted,IX,Index,_Z,Not applicable,H,OECD harmonised,2017-10,,100.7978,,A,Normal value,0,Units,2,Two,,
DATAFLOW,OECD.SDD.STES:DSD_STES@DF_CLI(4.1),Composite leading indicators,I,IDN,Indonesia,M,Monthly,LI,Composite leading indicator (CLI),IX,Index,_Z,Not applicable,AA,Amplitude adjusted,IX,Index,_Z,Not applicable,H,OECD harmonised,2017-09,,100.8901,,A,Normal value,0,Units,2,Two,,
DATAFLOW,OECD.SDD.STES:DSD_STES@DF_CLI(4.1),Composite leading indicators,I,IDN,Indonesia,M,Monthly,LI,Composite leading indicator (CLI),IX,Index,_Z,Not applicable,AA,Amplitude adjusted,IX,Index,_Z,Not applicable,H,OECD harmonised,2017-08,,100.926,,A,Normal value,0,Units,2,Two,,
DATAFLOW,OECD.SDD.STES:DSD_STES@DF_CLI(4.1),Composite leading indicators,I,IDN,Indonesia,M,Monthly,LI,Composite leading indicator (CLI),IX,Index,_Z,Not applicable,AA,Amplitude adjusted,IX,Index,_Z,Not applicable,H,OECD harmonised,2017-07,,100.8841,,A,Normal value,0,Units,2,Two,,
DATAFLOW,OECD.SDD.STES:DSD_STES@DF_CLI(4.1),Composite leading indicators,I,IDN,Indonesia,M,Monthly,LI,Composite leading indicator (CLI),IX,Index,_Z,Not applicable,AA,Amplitude adjusted,IX,Index,_Z,Not applicable,H,OECD harmonised,2017-06,,100.7738,,A,Normal value,0,Units,2,Two,,
DATAFLOW,OECD.SDD.STES:DSD_STES@DF_CLI(4.1),Composite leading indicators,I,IDN,Indonesia,M,Monthly,LI,Composite leading indicator (CLI),IX,Index,_Z,Not applicable,AA,Amplitude adjusted,IX,Index,_Z,Not applicable,H,OECD harmonised,2017-05,,100.6282,,A,Normal value,0,Units,2,Two,,
DATAFLOW,OECD.SDD.STES:DSD_STES@DF_CLI(4.1),Composite leading indicators,I,IDN,Indonesia,M,Monthly,LI,Composite leading indicator (CLI),IX,Index,_Z,Not applicable,AA,Amplitude adjusted,IX,Index,_Z,Not applicable,H,OECD harmonised,2017-04,,100.4523,,A,Normal value,0,Units,2,Two,,
DATAFLOW,OECD.SDD.STES:DSD_STES@DF_CLI(4.1),Composite leading indicators,I,IDN,Indonesia,M,Monthly,LI,Composite leading indicator (CLI),IX,Index,_Z,Not applicable,AA,Amplitude adjusted,IX,Index,_Z,Not applicable,H,OECD harmonised,1995-09,,101.9917,,A,Normal value,0,Units,2,Two,,
DATAFLOW,OECD.SDD.STES:DSD_STES@DF_CLI(4.1),Composite leading indicators,I,IDN,Indonesia,M,Monthly,LI,Composite leading indicator (CLI),IX,Index,_Z,Not applicable,AA,Amplitude adjusted,IX,Index,_Z,Not applicable,H,OECD harmonised,1995-08,,101.7902,,A,Normal value,0,Units,2,Two,,
DATAFLOW,OECD.SDD.STES:DSD_STES@DF_CLI(4.1),Composite leading indicators,I,IDN,Indonesia,M,Monthly,LI,Composite leading indicator (CLI),IX,Index,_Z,Not applicable,AA,Amplitude adjusted,IX,Index,_Z,Not applicable,H,OECD harmonised,1995-07,,101.6605,,A,Normal value,0,Units,2,Two,,
DATAFLOW,OECD.SDD.STES:DSD_STES@DF_CLI(4.1),Composite leading indicators,I,IDN,Indonesia,M,Monthly,LI,Composite leading indicator (CLI),IX,Index,_Z,Not applicable,AA,Amplitude adjusted,IX,Index,_Z,Not applicable,H,OECD harmonised,1995-06,,101.5884,,A,Normal value,0,Units,2,Two,,
DATAFLOW,OECD.SDD.STES:DSD_STES@DF_CLI(4.1),Composite leading indicators,I,IDN,Indonesia,M,Monthly,LI,Composite leading indicator (CLI),IX,Index,_Z,Not applicable,AA,Amplitude adjusted,IX,Index,_Z,Not applicable,H,OECD harmonised,1995-05,,101.5787,,A,Normal value,0,Units,2,Two,,
DATAFLOW,OECD.SDD.STES:DSD_STES@DF_CLI(4.1),Composite leading indicators,I,IDN,Indonesia,M,Monthly,LI,Composite leading indicator (CLI),IX,Index,_Z,Not applicable,AA,Amplitude adjusted,IX,Index,_Z,Not applicable,H,OECD harmonised,1995-04,,101.6457,,A,Normal value,0,Units,2,Two,,
DATAFLOW,OECD.SDD.STES:DSD_STES@DF_CLI(4.1),Composite leading indicators,I,IDN,Indonesia,M,Monthly,LI,Composite leading indicator (CLI),IX,Index,_Z,Not applicable,AA,Amplitude adjusted,IX,Index,_Z,Not applicable,H,OECD harmonised,1995-03,,101.8022,,A,Normal value,0,Units,2,Two,,
DATAFLOW,OECD.SDD.STES:DSD_STES@DF_CLI(4.1),Composite leading indicators,I,IDN,Indonesia,M,Monthly,LI,Composite leading indicator (CLI),IX,Index,_Z,Not applicable,AA,Amplitude adjusted,IX,Index,_Z,Not applicable,H,OECD harmonised,1995-02,,102.0286,,A,Normal value,0,Units,2,Two,,
DATAFLOW,OECD.SDD.STES:DSD_STES@DF_CLI(4.1),Composite leading indicators,I,IDN,Indonesia,M,Monthly,LI,Composite leading indicator (CLI),IX,Index,_Z,Not applicable,AA,Amplitude adjusted,IX,Index,_Z,Not applicable,H,OECD harmonised,1995-01,,102.2752,,A,Normal value,0,Units,2,Two,,
DATAFLOW,OECD.SDD.STES:DSD_STES@DF_CLI(4.1),Composite leading indicators,I,IDN,Indonesia,M,Monthly,LI,Composite leading indicator (CLI),IX,Index,_Z,Not applicable,AA,Amplitude adjusted,IX,Index,_Z,Not applicable,H,OECD harmonised,1994-12,,102.497,,A,Normal value,0,Units,2,Two,,
DATAFLOW,OECD.SDD.STES:DSD_STES@DF_CLI(4.1),Composite leading indicators,I,IDN,Indonesia,M,Monthly,LI,Composite leading indicator (CLI),IX,Index,_Z,Not applicable,AA,Amplitude adjusted,IX,Index,_Z,Not applicable,H,OECD harmonised,1994-11,,102.6758,,A,Normal value,0,Units,2,Two,,
DATAFLOW,OECD.SDD.STES:DSD_STES@DF_CLI(4.1),Composite leading indicators,I,IDN,Indonesia,M,Monthly,LI,Composite leading indicator (CLI),IX,Index,_Z,Not applicable,AA,Amplitude adjusted,IX,Index,_Z,Not applicable,H,OECD harmonised,1994-10,,102.7905,,A,Normal value,0,Units,2,Two,,
DATAFLOW,OECD.SDD.STES:DSD_STES@DF_CLI(4.1),Composite leading indicators,I,IDN,Indonesia,M,Monthly,LI,Composite leading indicator (CLI),IX,Index,_Z,Not applicable,AA,Amplitude adjusted,IX,Index,_Z,Not applicable,H,OECD harmonised,1994-09,,102.8329,,A,Normal value,0,Units,2,Two,,
DATAFLOW,OECD.SDD.STES:DSD_STES@DF_CLI(4.1),Composite leading indicators,I,IDN,Indonesia,M,Monthly,LI,Composite leading indicator (CLI),IX,Index,_Z,Not applicable,AA,Amplitude adjusted,IX,Index,_Z,Not applicable,H,OECD harmonised,1994-08,,102.8214,,A,Normal value,0,Units,2,Two,,
DATAFLOW,OECD.SDD.STES:DSD_STES@DF_CLI(4.1),Composite leading indicators,I,IDN,Indonesia,M,Monthly,LI,Composite leading indicator (CLI),IX,Index,_Z,Not applicable,AA,Amplitude adjusted,IX,Index,_Z,Not applicable,H,OECD harmonised,1994-07,,102.7656,,A,Normal value,0,Units,2,Two,,
DATAFLOW,OECD.SDD.STES:DSD_STES@DF_CLI(4.1),Composite leading indicators,I,IDN,Indonesia,M,Monthly,LI,Composite leading indicator (CLI),IX,Index,_Z,Not applicable,AA,Amplitude adjusted,IX,Index,_Z,Not applicable,H,OECD harmonised,1994-06,,102.7127,,A,Normal value,0,Units,2,Two,,
DATAFLOW,OECD.SDD.STES:DSD_STES@DF_CLI(4.1),Composite leading indicators,I,IDN,Indonesia,M,Monthly,LI,Composite leading indicator (CLI),IX,Index,_Z,Not applicable,AA,Amplitude adjusted,IX,Index,_Z,Not applicable,H,OECD harmonised,1994-05,,102.6937,,A,Normal value,0,Units,2,Two,,
DATAFLOW,OECD.SDD.STES:DSD_STES@DF_CLI(4.1),Composite leading indicators,I,IDN,Indonesia,M,Monthly,LI,Composite leading indicator (CLI),IX,Index,_Z,Not applicable,AA,Amplitude adjusted,IX,Index,_Z,Not applicable,H,OECD harmonised,1994-04,,102.6913,,A,Normal value,0,Units,2,Two,,
DATAFLOW,OECD.SDD.STES:DSD_STES@DF_CLI(4.1),Composite leading indicators,I,IDN,Indonesia,M,Monthly,LI,Composite leading indicator (CLI),IX,Index,_Z,Not applicable,AA,Amplitude adjusted,IX,Index,_Z,Not applicable,H,OECD harmonised,1994-03,,102.6992,,A,Normal value,0,Units,2,Two,,
DATAFLOW,OECD.SDD.STES:DSD_STES@DF_CLI(4.1),Composite leading indicators,I,IDN,Indonesia,M,Monthly,LI,Composite leading indicator (CLI),IX,Index,_Z,Not applicable,AA,Amplitude adjusted,IX,Index,_Z,Not applicable,H,OECD harmonised,2011-11,,101.179,,A,Normal value,0,Units,2,Two,,
DATAFLOW,OECD.SDD.STES:DSD_STES@DF_CLI(4.1),Composite leading indicators,I,IDN,Indonesia,M,Monthly,LI,Composite leading indicator (CLI),IX,Index,_Z,Not applicable,AA,Amplitude adjusted,IX,Index,_Z,Not applicable,H,OECD harmonised,2011-10,,101.1726,,A,Normal value,0,Units,2,Two,,
DATAFLOW,OECD.SDD.STES:DSD_STES@DF_CLI(4.1),Composite leading indicators,I,IDN,Indonesia,M,Monthly,LI,Composite leading indicator (CLI),IX,Index,_Z,Not applicable,AA,Amplitude adjusted,IX,Index,_Z,Not applicable,H,OECD harmonised,2011-09,,101.1268,,A,Normal value,0,Units,2,Two,,
DATAFLOW,OECD.SDD.STES:DSD_STES@DF_CLI(4.1),Composite leading indicators,I,IDN,Indonesia,M,Monthly,LI,Composite leading indicator (CLI),IX,Index,_Z,Not applicable,AA,Amplitude adjusted,IX,Index,_Z,Not applicable,H,OECD harmonised,2011-08,,101.0616,,A,Normal value,0,Units,2,Two,,
DATAFLOW,OECD.SDD.STES:DSD_STES@DF_CLI(4.1),Composite leading indicators,I,IDN,Indonesia,M,Monthly,LI,Composite leading indicator (CLI),IX,Index,_Z,Not applicable,AA,Amplitude adjusted,IX,Index,_Z,Not applicable,H,OECD harmonised,2011-07,,100.9944,,A,Normal value,0,Units,2,Two,,
DATAFLOW,OECD.SDD.STES:DSD_STES@DF_CLI(4.1),Composite leading indicators,I,IDN,Indonesia,M,Monthly,LI,Composite leading indicator (CLI),IX,Index,_Z,Not applicable,AA,Amplitude adjusted,IX,Index,_Z,Not applicable,H,OECD harmonised,2011-06,,100.9126,,A,Normal value,0,Units,2,Two,,
DATAFLOW,OECD.SDD.STES:DSD_STES@DF_CLI(4.1),Composite leading indicators,I,IDN,Indonesia,M,Monthly,LI,Composite leading indicator (CLI),IX,Index,_Z,Not applicable,AA,Amplitude adjusted,IX,Index,_Z,Not applicable,H,OECD harmonised,2011-05,,100.8312,,A,Normal value,0,Units,2,Two,,
DATAFLOW,OECD.SDD.STES:DSD_STES@DF_CLI(4.1),Composite leading indicators,I,IDN,Indonesia,M,Monthly,LI,Composite leading indicator (CLI),IX,Index,_Z,Not applicable,AA,Amplitude adjusted,IX,Index,_Z,Not applicable,H,OECD harmonised,2011-04,,100.7683,,A,Normal value,0,Units,2,Two,,
DATAFLOW,OECD.SDD.STES:DSD_STES@DF_CLI(4.1),Composite leading indicators,I,IDN,Indonesia,M,Monthly,LI,Composite leading indicator (CLI),IX,Index,_Z,Not applicable,AA,Amplitude adjusted,IX,Index,_Z,Not applicable,H,OECD harmonised,2011-03,,100.7339,,A,Normal value,0,Units,2,Two,,
DATAFLOW,OECD.SDD.STES:DSD_STES@DF_CLI(4.1),Composite leading indicators,I,IDN,Indonesia,M,Monthly,LI,Composite leading indicator (CLI),IX,Index,_Z,Not applicable,AA,Amplitude adjusted,IX,Index,_Z,Not applicable,H,OECD harmonised,2011-02,,100.7295,,A,Normal value,0,Units,2,Two,,
DATAFLOW,OECD.SDD.STES:DSD_STES@DF_CLI(4.1),Composite leading indicators,I,IDN,Indonesia,M,Monthly,LI,Composite leading indicator (CLI),IX,Index,_Z,Not applicable,AA,Amplitude adjusted,IX,Index,_Z,Not applicable,H,OECD harmonised,2011-01,,100.729,,A,Normal value,0,Units,2,Two,,
DATAFLOW,OECD.SDD.STES:DSD_STES@DF_CLI(4.1),Composite leading indicators,I,IDN,Indonesia,M,Monthly,LI,Composite leading indicator (CLI),IX,Index,_Z,Not applicable,AA,Amplitude adjusted,IX,Index,_Z,Not applicable,H,OECD harmonised,2010-12,,100.7073,,A,Normal value,0,Units,2,Two,,
DATAFLOW,OECD.SDD.STES:DSD_STES@DF_CLI(4.1),Composite leading indicators,I,IDN,Indonesia,M,Monthly,LI,Composite leading indicator (CLI),IX,Index,_Z,Not applicable,AA,Amplitude adjusted,IX,Index,_Z,Not applicable,H,OECD harmonised,2010-11,,100.6575,,A,Normal value,0,Units,2,Two,,
DATAFLOW,OECD.SDD.STES:DSD_STES@DF_CLI(4.1),Composite leading indicators,I,IDN,Indonesia,M,Monthly,LI,Composite leading indicator (CLI),IX,Index,_Z,Not applicable,AA,Amplitude adjusted,IX,Index,_Z,Not applicable,H,OECD harmonised,2010-10,,100.5757,,A,Normal value,0,Units,2,Two,,
DATAFLOW,OECD.SDD.STES:DSD_STES@DF_CLI(4.1),Composite leading indicators,I,IDN,Indonesia,M,Monthly,LI,Composite leading indicator (CLI),IX,Index,_Z,Not applicable,AA,Amplitude adjusted,IX,Index,_Z,Not applicable,H,OECD harmonised,2010-09,,100.4723,,A,Normal value,0,Units,2,Two,,
DATAFLOW,OECD.SDD.STES:DSD_STES@DF_CLI(4.1),Composite leading indicators,I,IDN,Indonesia,M,Monthly,LI,Composite leading indicator (CLI),IX,Index,_Z,Not applicable,AA,Amplitude adjusted,IX,Index,_Z,Not applicable,H,OECD harmonised,2010-08,,100.376,,A,Normal value,0,Units,2,Two,,
DATAFLOW,OECD.SDD.STES:DSD_STES@DF_CLI(4.1),Composite leading indicators,I,IDN,Indonesia,M,Monthly,LI,Composite leading indicator (CLI),IX,Index,_Z,Not applicable,AA,Amplitude adjusted,IX,Index,_Z,Not applicable,H,OECD harmonised,1997-04,,108.362,,A,Normal value,0,Units,2,Two,,
DATAFLOW,OECD.SDD.STES:DSD_STES@DF_CLI(4.1),Composite leading indicators,I,IDN,Indonesia,M,Monthly,LI,Composite leading indicator (CLI),IX,Index,_Z,Not applicable,AA,Amplitude adjusted,IX,Index,_Z,Not applicable,H,OECD harmonised,1997-03,,108.3152,,A,Normal value,0,Units,2,Two,,
DATAFLOW,OECD.SDD.STES:DSD_STES@DF_CLI(4.1),Composite leading indicators,I,IDN,Indonesia,M,Monthly,LI,Composite leading indicator (CLI),IX,Index,_Z,Not applicable,AA,Amplitude adjusted,IX,Index,_Z,Not applicable,H,OECD harmonised,1997-02,,108.0595,,A,Normal value,0,Units,2,Two,,
DATAFLOW,OECD.SDD.STES:DSD_STES@DF_CLI(4.1),Composite leading indicators,I,IDN,Indonesia,M,Monthly,LI,Composite leading indicator (CLI),IX,Index,_Z,Not applicable,AA,Amplitude adjusted,IX,Index,_Z,Not applicable,H,OECD harmonised,1997-01,,107.6792,,A,Normal value,0,Units,2,Two,,
DATAFLOW,OECD.SDD.STES:DSD_STES@DF_CLI(4.1),Composite leading indicators,I,IDN,Indonesia,M,Monthly,LI,Composite leading indicator (CLI),IX,Index,_Z,Not applicable,AA,Amplitude adjusted,IX,Index,_Z,Not applicable,H,OECD harmonised,1996-12,,107.2807,,A,Normal value,0,Units,2,Two,,
DATAFLOW,OECD.SDD.STES:DSD_STES@DF_CLI(4.1),Composite leading indicators,I,IDN,Indonesia,M,Monthly,LI,Composite leading indicator (CLI),IX,Index,_Z,Not applicable,AA,Amplitude adjusted,IX,Index,_Z,Not applicable,H,OECD harmonised,1996-11,,106.925,,A,Normal value,0,Units,2,Two,,
DATAFLOW,OECD.SDD.STES:DSD_STES@DF_CLI(4.1),Composite leading indicators,I,IDN,Indonesia,M,Monthly,LI,Composite leading indicator (CLI),IX,Index,_Z,Not applicable,AA,Amplitude adjusted,IX,Index,_Z,Not applicable,H,OECD harmonised,1996-10,,106.6246,,A,Normal value,0,Units,2,Two,,
DATAFLOW,OECD.SDD.STES:DSD_STES@DF_CLI(4.1),Composite leading indicators,I,IDN,Indonesia,M,Monthly,LI,Composite leading indicator (CLI),IX,Index,_Z,Not applicable,AA,Amplitude adjusted,IX,Index,_Z,Not applicable,H,OECD harmonised,1996-09,,106.3866,,A,Normal value,0,Units,2,Two,,
DATAFLOW,OECD.SDD.STES:DSD_STES@DF_CLI(4.1),Composite leading indicators,I,IDN,Indonesia,M,Monthly,LI,Composite leading indicator (CLI),IX,Index,_Z,Not applicable,AA,Amplitude adjusted,IX,Index,_Z,Not applicable,H,OECD harmonised,1996-08,,106.1993,,A,Normal value,0,Units,2,Two,,
DATAFLOW,OECD.SDD.STES:DSD_STES@DF_CLI(4.1),Composite leading indicators,I,IDN,Indonesia,M,Monthly,LI,Composite leading indicator (CLI),IX,Index,_Z,Not applicable,AA,Amplitude adjusted,IX,Index,_Z,Not applicable,H,OECD harmonised,1996-07,,106.0199,,A,Normal value,0,Units,2,Two,,
DATAFLOW,OECD.SDD.STES:DSD_STES@DF_CLI(4.1),Composite leading indicators,I,IDN,Indonesia,M,Monthly,LI,Composite leading indicator (CLI),IX,Index,_Z,Not applicable,AA,Amplitude adjusted,IX,Index,_Z,Not applicable,H,OECD harmonised,1996-06,,105.818,,A,Normal value,0,Units,2,Two,,
DATAFLOW,OECD.SDD.STES:DSD_STES@DF_CLI(4.1),Composite leading indicators,I,IDN,Indonesia,M,Monthly,LI,Composite leading indicator (CLI),IX,Index,_Z,Not applicable,AA,Amplitude adjusted,IX,Index,_Z,Not applicable,H,OECD harmonised,1996-05,,105.5368,,A,Normal value,0,Units,2,Two,,
DATAFLOW,OECD.SDD.STES:DSD_STES@DF_CLI(4.1),Composite leading indicators,I,IDN,Indonesia,M,Monthly,LI,Composite leading indicator (CLI),IX,Index,_Z,Not applicable,AA,Amplitude adjusted,IX,Index,_Z,Not applicable,H,OECD harmonised,1996-04,,105.1405,,A,Normal value,0,Units,2,Two,,
DATAFLOW,OECD.SDD.STES:DSD_STES@DF_CLI(4.1),Composite leading indicators,I,IDN,Indonesia,M,Monthly,LI,Composite leading indicator (CLI),IX,Index,_Z,Not applicable,AA,Amplitude adjusted,IX,Index,_Z,Not applicable,H,OECD harmonised,1996-03,,104.6568,,A,Normal value,0,Units,2,Two,,
DATAFLOW,OECD.SDD.STES:DSD_STES@DF_CLI(4.1),Composite leading indicators,I,IDN,Indonesia,M,Monthly,LI,Composite leading indicator (CLI),IX,Index,_Z,Not applicable,AA,Amplitude adjusted,IX,Index,_Z,Not applicable,H,OECD harmonised,1996-02,,104.1279,,A,Normal value,0,Units,2,Two,,
DATAFLOW,OECD.SDD.STES:DSD_STES@DF_CLI(4.1),Composite leading indicators,I,IDN,Indonesia,M,Monthly,LI,Composite leading indicator (CLI),IX,Index,_Z,Not applicable,AA,Amplitude adjusted,IX,Index,_Z,Not applicable,H,OECD harmonised,2025-12,,101.0912,,A,Normal value,0,Units,2,Two,,
DATAFLOW,OECD.SDD.STES:DSD_STES@DF_CLI(4.1),Composite leading indicators,I,IDN,Indonesia,M,Monthly,LI,Composite leading indicator (CLI),IX,Index,_Z,Not applicable,AA,Amplitude adjusted,IX,Index,_Z,Not applicable,H,OECD harmonised,2025-11,,101.0193,,A,Normal value,0,Units,2,Two,,
DATAFLOW,OECD.SDD.STES:DSD_STES@DF_CLI(4.1),Composite leading indicators,I,IDN,Indonesia,M,Monthly,LI,Composite leading indicator (CLI),IX,Index,_Z,Not applicable,AA,Amplitude adjusted,IX,Index,_Z,Not applicable,H,OECD harmonised,2025-10,,100.8566,,A,Normal value,0,Units,2,Two,,
DATAFLOW,OECD.SDD.STES:DSD_STES@DF_CLI(4.1),Composite leading indicators,I,IDN,Indonesia,M,Monthly,LI,Composite leading indicator (CLI),IX,Index,_Z,Not applicable,AA,Amplitude adjusted,IX,Index,_Z,Not applicable,H,OECD harmonised,2025-09,,100.634,,A,Normal value,0,Units,2,Two,,
DATAFLOW,OECD.SDD.STES:DSD_STES@DF_CLI(4.1),Composite leading indicators,I,IDN,Indonesia,M,Monthly,LI,Composite leading indicator (CLI),IX,Index,_Z,Not applicable,AA,Amplitude adjusted,IX,Index,_Z,Not applicable,H,OECD harmonised,2025-08,,100.3944,,A,Normal value,0,Units,2,Two,,
DATAFLOW,OECD.SDD.STES:DSD_STES@DF_CLI(4.1),Composite leading indicators,I,IDN,Indonesia,M,Monthly,LI,Composite leading indicator (CLI),IX,Index,_Z,Not applicable,AA,Amplitude adjusted,IX,Index,_Z,Not applicable,H,OECD harmonised,2025-07,,100.1621,,A,Normal value,0,Units,2,Two,,
DATAFLOW,OECD.SDD.STES:DSD_STES@DF_CLI(4.1),Composite leading indicators,I,IDN,Indonesia,M,Monthly,LI,Composite leading indicator (CLI),IX,Index,_Z,Not applicable,AA,Amplitude adjusted,IX,Index,_Z,Not applicable,H,OECD harmonised,2025-06,,99.96535,,A,Normal value,0,Units,2,Two,,
DATAFLOW,OECD.SDD.STES:DSD_STES@DF_CLI(4.1),Composite leading indicators,I,IDN,Indonesia,M,Monthly,LI,Composite leading indicator (CLI),IX,Index,_Z,Not applicable,AA,Amplitude adjusted,IX,Index,_Z,Not applicable,H,OECD harmonised,2025-05,,99.82082,,A,Normal value,0,Units,2,Two,,
DATAFLOW,OECD.SDD.STES:DSD_STES@DF_CLI(4.1),Composite leading indicators,I,IDN,Indonesia,M,Monthly,LI,Composite leading indicator (CLI),IX,Index,_Z,Not applicable,AA,Amplitude adjusted,IX,Index,_Z,Not applicable,H,OECD harmonised,2025-04,,99.74724,,A,Normal value,0,Units,2,Two,,
DATAFLOW,OECD.SDD.STES:DSD_STES@DF_CLI(4.1),Composite leading indicators,I,IDN,Indonesia,M,Monthly,LI,Composite leading indicator (CLI),IX,Index,_Z,Not applicable,AA,Amplitude adjusted,IX,Index,_Z,Not applicable,H,OECD harmonised,2025-03,,99.76691,,A,Normal value,0,Units,2,Two,,
DATAFLOW,OECD.SDD.STES:DSD_STES@DF_CLI(4.1),Composite leading indicators,I,IDN,Indonesia,M,Monthly,LI,Composite leading indicator (CLI),IX,Index,_Z,Not applicable,AA,Amplitude adjusted,IX,Index,_Z,Not applicable,H,OECD harmonised,2025-02,,99.87246,,A,Normal value,0,Units,2,Two,,
DATAFLOW,OECD.SDD.STES:DSD_STES@DF_CLI(4.1),Composite leading indicators,I,IDN,Indonesia,M,Monthly,LI,Composite leading indicator (CLI),IX,Index,_Z,Not applicable,AA,Amplitude adjusted,IX,Index,_Z,Not applicable,H,OECD harmonised,2025-01,,100.0133,,A,Normal value,0,Units,2,Two,,
DATAFLOW,OECD.SDD.STES:DSD_STES@DF_CLI(4.1),Composite leading indicators,I,IDN,Indonesia,M,Monthly,LI,Composite leading indicator (CLI),IX,Index,_Z,Not applicable,AA,Amplitude adjusted,IX,Index,_Z,Not applicable,H,OECD harmonised,2021-08,,95.80419,,A,Normal value,0,Units,2,Two,,
DATAFLOW,OECD.SDD.STES:DSD_STES@DF_CLI(4.1),Composite leading indicators,I,IDN,Indonesia,M,Monthly,LI,Composite leading indicator (CLI),IX,Index,_Z,Not applicable,AA,Amplitude adjusted,IX,Index,_Z,Not applicable,H,OECD harmonised,2021-07,,95.90693,,A,Normal value,0,Units,2,Two,,
DATAFLOW,OECD.SDD.STES:DSD_STES@DF_CLI(4.1),Composite leading indicators,I,IDN,Indonesia,M,Monthly,LI,Composite leading indicator (CLI),IX,Index,_Z,Not applicable,AA,Amplitude adjusted,IX,Index,_Z,Not applicable,H,OECD harmonised,2021-06,,97.70968,,A,Normal value,0,Units,2,Two,,
DATAFLOW,OECD.SDD.STES:DSD_STES@DF_CLI(4.1),Composite leading indicators,I,IDN,Indonesia,M,Monthly,LI,Composite leading indicator (CLI),IX,Index,_Z,Not applicable,AA,Amplitude adjusted,IX,Index,_Z,Not applicable,H,OECD harmonised,2021-05,,97.44596,,A,Normal value,0,Units,2,Two,,
DATAFLOW,OECD.SDD.STES:DSD_STES@DF_CLI(4.1),Composite leading indicators,I,IDN,Indonesia,M,Monthly,LI,Composite leading indicator (CLI),IX,Index,_Z,Not applicable,AA,Amplitude adjusted,IX,Index,_Z,Not applicable,H,OECD harmonised,2021-04,,97.23356,,A,Normal value,0,Units,2,Two,,
DATAFLOW,OECD.SDD.STES:DSD_STES@DF_CLI(4.1),Composite leading indicators,I,IDN,Indonesia,M,Monthly,LI,Composite leading indicator (CLI),IX,Index,_Z,Not applicable,AA,Amplitude adjusted,IX,Index,_Z,Not applicable,H,OECD harmonised,2021-03,,96.6387,,A,Normal value,0,Units,2,Two,,
DATAFLOW,OECD.SDD.STES:DSD_STES@DF_CLI(4.1),Composite leading indicators,I,IDN,Indonesia,M,Monthly,LI,Composite leading indicator (CLI),IX,Index,_Z,Not applicable,AA,Amplitude adjusted,IX,Index,_Z,Not applicable,H,OECD harmonised,2021-02,,96.07182,,A,Normal value,0,Units,2,Two,,
DATAFLOW,OECD.SDD.STES:DSD_STES@DF_CLI(4.1),Composite leading indicators,I,IDN,Indonesia,M,Monthly,LI,Composite leading indicator (CLI),IX,Index,_Z,Not applicable,AA,Amplitude adjusted,IX,Index,_Z,Not applicable,H,OECD harmonised,2021-01,,95.91834,,A,Normal value,0,Units,2,Two,,
DATAFLOW,OECD.SDD.STES:DSD_STES@DF_CLI(4.1),Composite leading indicators,I,IDN,Indonesia,M,Monthly,LI,Composite leading indicator (CLI),IX,Index,_Z,Not applicable,AA,Amplitude adjusted,IX,Index,_Z,Not applicable,H,OECD harmonised,2020-12,,95.8925,,A,Normal value,0,Units,2,Two,,
DATAFLOW,OECD.SDD.STES:DSD_STES@DF_CLI(4.1),Composite leading indicators,I,IDN,Indonesia,M,Monthly,LI,Composite leading indicator (CLI),IX,Index,_Z,Not applicable,AA,Amplitude adjusted,IX,Index,_Z,Not applicable,H,OECD harmonised,2020-11,,95.65746,,A,Normal value,0,Units,2,Two,,
DATAFLOW,OECD.SDD.STES:DSD_STES@DF_CLI(4.1),Composite leading indicators,I,IDN,Indonesia,M,Monthly,LI,Composite leading indicator (CLI),IX,Index,_Z,Not applicable,AA,Amplitude adjusted,IX,Index,_Z,Not applicable,H,OECD harmonised,2020-10,,95.33179,,A,Normal value,0,Units,2,Two,,
DATAFLOW,OECD.SDD.STES:DSD_STES@DF_CLI(4.1),Composite leading indicators,I,IDN,Indonesia,M,Monthly,LI,Composite leading indicator (CLI),IX,Index,_Z,Not applicable,AA,Amplitude adjusted,IX,Index,_Z,Not applicable,H,OECD harmonised,2020-09,,95.23411,,A,Normal value,0,Units,2,Two,,
DATAFLOW,OECD.SDD.STES:DSD_STES@DF_CLI(4.1),Composite leading indicators,I,IDN,Indonesia,M,Monthly,LI,Composite leading indicator (CLI),IX,Index,_Z,Not applicable,AA,Amplitude adjusted,IX,Index,_Z,Not applicable,H,OECD harmonised,2020-08,,95.28623,,A,Normal value,0,Units,2,Two,,
DATAFLOW,OECD.SDD.STES:DSD_STES@DF_CLI(4.1),Composite leading indicators,I,IDN,Indonesia,M,Monthly,LI,Composite leading indicator (CLI),IX,Index,_Z,Not applicable,AA,Amplitude adjusted,IX,Index,_Z,Not applicable,H,OECD harmonised,2020-07,,95.0676,,A,Normal value,0,Units,2,Two,,
DATAFLOW,OECD.SDD.STES:DSD_STES@DF_CLI(4.1),Composite leading indicators,I,IDN,Indonesia,M,Monthly,LI,Composite leading indicator (CLI),IX,Index,_Z,Not applicable,AA,Amplitude adjusted,IX,Index,_Z,Not applicable,H,OECD harmonised,2020-06,,94.7614,,A,Normal value,0,Units,2,Two,,
DATAFLOW,OECD.SDD.STES:DSD_STES@DF_CLI(4.1),Composite leading indicators,I,IDN,Indonesia,M,Monthly,LI,Composite leading indicator (CLI),IX,Index,_Z,Not applicable,AA,Amplitude adjusted,IX,Index,_Z,Not applicable,H,OECD harmonised,2020-05,,94.27731,,A,Normal value,0,Units,2,Two,,
DATAFLOW,OECD.SDD.STES:DSD_STES@DF_CLI(4.1),Composite leading indicators,I,IDN,Indonesia,M,Monthly,LI,Composite leading indicator (CLI),IX,Index,_Z,Not applicable,AA,Amplitude adjusted,IX,Index,_Z,Not applicable,H,OECD harmonised,2020-04,,94.78896,,A,Normal value,0,Units,2,Two,,
DATAFLOW,OECD.SDD.STES:DSD_STES@DF_CLI(4.1),Composite leading indicators,I,IDN,Indonesia,M,Monthly,LI,Composite leading indicator (CLI),IX,Index,_Z,Not applicable,AA,Amplitude adjusted,IX,Index,_Z,Not applicable,H,OECD harmonised,2020-03,,99.6959,,A,Normal value,0,Units,2,Two,,
DATAFLOW,OECD.SDD.STES:DSD_STES@DF_CLI(4.1),Composite leading indicators,I,IDN,Indonesia,M,Monthly,LI,Composite leading indicator (CLI),IX,Index,_Z,Not applicable,AA,Amplitude adjusted,IX,Index,_Z,Not applicable,H,OECD harmonised,2020-02,,99.95402,,A,Normal value,0,Units,2,Two,,
DATAFLOW,OECD.SDD.STES:DSD_STES@DF_CLI(4.1),Composite leading indicators,I,IDN,Indonesia,M,Monthly,LI,Composite leading indicator (CLI),IX,Index,_Z,Not applicable,AA,Amplitude adjusted,IX,Index,_Z,Not applicable,H,OECD harmonised,2020-01,,100.1881,,A,Normal value,0,Units,2,Two,,
DATAFLOW,OECD.SDD.STES:DSD_STES@DF_CLI(4.1),Composite leading indicators,I,IDN,Indonesia,M,Monthly,LI,Composite leading indicator (CLI),IX,Index,_Z,Not applicable,AA,Amplitude adjusted,IX,Index,_Z,Not applicable,H,OECD harmonised,2019-12,,100.3827,,A,Normal value,0,Units,2,Two,,
DATAFLOW,OECD.SDD.STES:DSD_STES@DF_CLI(4.1),Composite leading indicators,I,IDN,Indonesia,M,Monthly,LI,Composite leading indicator (CLI),IX,Index,_Z,Not applicable,AA,Amplitude adjusted,IX,Index,_Z,Not applicable,H,OECD harmonised,2019-11,,100.5071,,A,Normal value,0,Units,2,Two,,
DATAFLOW,OECD.SDD.STES:DSD_STES@DF_CLI(4.1),Composite leading indicators,I,IDN,Indonesia,M,Monthly,LI,Composite leading indicator (CLI),IX,Index,_Z,Not applicable,AA,Amplitude adjusted,IX,Index,_Z,Not applicable,H,OECD harmonised,2019-10,,100.5522,,A,Normal value,0,Units,2,Two,,
DATAFLOW,OECD.SDD.STES:DSD_STES@DF_CLI(4.1),Composite leading indicators,I,IDN,Indonesia,M,Monthly,LI,Composite leading indicator (CLI),IX,Index,_Z,Not applicable,AA,Amplitude adjusted,IX,Index,_Z,Not applicable,H,OECD harmonised,2019-09,,100.5345,,A,Normal value,0,Units,2,Two,,
DATAFLOW,OECD.SDD.STES:DSD_STES@DF_CLI(4.1),Composite leading indicators,I,IDN,Indonesia,M,Monthly,LI,Composite leading indicator (CLI),IX,Index,_Z,Not applicable,AA,Amplitude adjusted,IX,Index,_Z,Not applicable,H,OECD harmonised,2019-08,,100.4662,,A,Normal value,0,Units,2,Two,,
DATAFLOW,OECD.SDD.STES:DSD_STES@DF_CLI(4.1),Composite leading indicators,I,IDN,Indonesia,M,Monthly,LI,Composite leading indicator (CLI),IX,Index,_Z,Not applicable,AA,Amplitude adjusted,IX,Index,_Z,Not applicable,H,OECD harmonised,2019-07,,100.3585,,A,Normal value,0,Units,2,Two,,
DATAFLOW,OECD.SDD.STES:DSD_STES@DF_CLI(4.1),Composite leading indicators,I,IDN,Indonesia,M,Monthly,LI,Composite leading indicator (CLI),IX,Index,_Z,Not applicable,AA,Amplitude adjusted,IX,Index,_Z,Not applicable,H,OECD harmonised,2019-06,,100.2302,,A,Normal value,0,Units,2,Two,,
DATAFLOW,OECD.SDD.STES:DSD_STES@DF_CLI(4.1),Composite leading indicators,I,IDN,Indonesia,M,Monthly,LI,Composite leading indicator (CLI),IX,Index,_Z,Not applicable,AA,Amplitude adjusted,IX,Index,_Z,Not applicable,H,OECD harmonised,2019-05,,100.1039,,A,Normal value,0,Units,2,Two,,
DATAFLOW,OECD.SDD.STES:DSD_STES@DF_CLI(4.1),Composite leading indicators,I,IDN,Indonesia,M,Monthly,LI,Composite leading indicator (CLI),IX,Index,_Z,Not applicable,AA,Amplitude adjusted,IX,Index,_Z,Not applicable,H,OECD harmonised,2019-04,,100.002,,A,Normal value,0,Units,2,Two,,
DATAFLOW,OECD.SDD.STES:DSD_STES@DF_CLI(4.1),Composite leading indicators,I,IDN,Indonesia,M,Monthly,LI,Composite leading indicator (CLI),IX,Index,_Z,Not applicable,AA,Amplitude adjusted,IX,Index,_Z,Not applicable,H,OECD harmonised,2019-03,,99.90499,,A,Normal value,0,Units,2,Two,,
DATAFLOW,OECD.SDD.STES:DSD_STES@DF_CLI(4.1),Composite leading indicators,I,IDN,Indonesia,M,Monthly,LI,Composite leading indicator (CLI),IX,Index,_Z,Not applicable,AA,Amplitude adjusted,IX,Index,_Z,Not applicable,H,OECD harmonised,2019-02,,99.79353,,A,Normal value,0,Units,2,Two,,
DATAFLOW,OECD.SDD.STES:DSD_STES@DF_CLI(4.1),Composite leading indicators,I,IDN,Indonesia,M,Monthly,LI,Composite leading indicator (CLI),IX,Index,_Z,Not applicable,AA,Amplitude adjusted,IX,Index,_Z,Not applicable,H,OECD harmonised,2019-01,,99.65956,,A,Normal value,0,Units,2,Two,,
DATAFLOW,OECD.SDD.STES:DSD_STES@DF_CLI(4.1),Composite leading indicators,I,IDN,Indonesia,M,Monthly,LI,Composite leading indicator (CLI),IX,Index,_Z,Not applicable,AA,Amplitude adjusted,IX,Index,_Z,Not applicable,H,OECD harmonised,2018-12,,99.49198,,A,Normal value,0,Units,2,Two,,
DATAFLOW,OECD.SDD.STES:DSD_STES@DF_CLI(4.1),Composite leading indicators,I,IDN,Indonesia,M,Monthly,LI,Composite leading indicator (CLI),IX,Index,_Z,Not applicable,AA,Amplitude adjusted,IX,Index,_Z,Not applicable,H,OECD harmonised,2018-11,,99.31502,,A,Normal value,0,Units,2,Two,,
DATAFLOW,OECD.SDD.STES:DSD_STES@DF_CLI(4.1),Composite leading indicators,I,IDN,Indonesia,M,Monthly,LI,Composite leading indicator (CLI),IX,Index,_Z,Not applicable,AA,Amplitude adjusted,IX,Index,_Z,Not applicable,H,OECD harmonised,2018-10,,99.18058,,A,Normal value,0,Units,2,Two,,
DATAFLOW,OECD.SDD.STES:DSD_STES@DF_CLI(4.1),Composite leading indicators,I,IDN,Indonesia,M,Monthly,LI,Composite leading indicator (CLI),IX,Index,_Z,Not applicable,AA,Amplitude adjusted,IX,Index,_Z,Not applicable,H,OECD harmonised,2018-09,,99.13486,,A,Normal value,0,Units,2,Two,,
DATAFLOW,OECD.SDD.STES:DSD_STES@DF_CLI(4.1),Composite leading indicators,I,IDN,Indonesia,M,Monthly,LI,Composite leading indicator (CLI),IX,Index,_Z,Not applicable,AA,Amplitude adjusted,IX,Index,_Z,Not applicable,H,OECD harmonised,2018-08,,99.17211,,A,Normal value,0,Units,2,Two,,
DATAFLOW,OECD.SDD.STES:DSD_STES@DF_CLI(4.1),Composite leading indicators,I,IDN,Indonesia,M,Monthly,LI,Composite leading indicator (CLI),IX,Index,_Z,Not applicable,AA,Amplitude adjusted,IX,Index,_Z,Not applicable,H,OECD harmonised,2018-07,,99.26352,,A,Normal value,0,Units,2,Two,,
DATAFLOW,OECD.SDD.STES:DSD_STES@DF_CLI(4.1),Composite leading indicators,I,IDN,Indonesia,M,Monthly,LI,Composite leading indicator (CLI),IX,Index,_Z,Not applicable,AA,Amplitude adjusted,IX,Index,_Z,Not applicable,H,OECD harmonised,2018-06,,99.38609,,A,Normal value,0,Units,2,Two,,
DATAFLOW,OECD.SDD.STES:DSD_STES@DF_CLI(4.1),Composite leading indicators,I,IDN,Indonesia,M,Monthly,LI,Composite leading indicator (CLI),IX,Index,_Z,Not applicable,AA,Amplitude adjusted,IX,Index,_Z,Not applicable,H,OECD harmonised,2018-05,,99.54636,,A,Normal value,0,Units,2,Two,,
DATAFLOW,OECD.SDD.STES:DSD_STES@DF_CLI(4.1),Composite leading indicators,I,IDN,Indonesia,M,Monthly,LI,Composite leading indicator (CLI),IX,Index,_Z,Not applicable,AA,Amplitude adjusted,IX,Index,_Z,Not applicable,H,OECD harmonised,2018-04,,99.73568,,A,Normal value,0,Units,2,Two,,
DATAFLOW,OECD.SDD.STES:DSD_STES@DF_CLI(4.1),Composite leading indicators,I,IDN,Indonesia,M,Monthly,LI,Composite leading indicator (CLI),IX,Index,_Z,Not applicable,AA,Amplitude adjusted,IX,Index,_Z,Not applicable,H,OECD harmonised,2014-04,,99.52697,,A,Normal value,0,Units,2,Two,,
DATAFLOW,OECD.SDD.STES:DSD_STES@DF_CLI(4.1),Composite leading indicators,I,IDN,Indonesia,M,Monthly,LI,Composite leading indicator (CLI),IX,Index,_Z,Not applicable,AA,Amplitude adjusted,IX,Index,_Z,Not applicable,H,OECD harmonised,2014-03,,99.3771,,A,Normal value,0,Units,2,Two,,
DATAFLOW,OECD.SDD.STES:DSD_STES@DF_CLI(4.1),Composite leading indicators,I,IDN,Indonesia,M,Monthly,LI,Composite leading indicator (CLI),IX,Index,_Z,Not applicable,AA,Amplitude adjusted,IX,Index,_Z,Not applicable,H,OECD harmonised,2014-02,,99.2242,,A,Normal value,0,Units,2,Two,,
DATAFLOW,OECD.SDD.STES:DSD_STES@DF_CLI(4.1),Composite leading indicators,I,IDN,Indonesia,M,Monthly,LI,Composite leading indicator (CLI),IX,Index,_Z,Not applicable,AA,Amplitude adjusted,IX,Index,_Z,Not applicable,H,OECD harmonised,2014-01,,99.10799,,A,Normal value,0,Units,2,Two,,
DATAFLOW,OECD.SDD.STES:DSD_STES@DF_CLI(4.1),Composite leading indicators,I,IDN,Indonesia,M,Monthly,LI,Composite leading indicator (CLI),IX,Index,_Z,Not applicable,AA,Amplitude adjusted,IX,Index,_Z,Not applicable,H,OECD harmonised,2013-12,,99.07339,,A,Normal value,0,Units,2,Two,,
DATAFLOW,OECD.SDD.STES:DSD_STES@DF_CLI(4.1),Composite leading indicators,I,IDN,Indonesia,M,Monthly,LI,Composite leading indicator (CLI),IX,Index,_Z,Not applicable,AA,Amplitude adjusted,IX,Index,_Z,Not applicable,H,OECD harmonised,2013-11,,99.1498,,A,Normal value,0,Units,2,Two,,
DATAFLOW,OECD.SDD.STES:DSD_STES@DF_CLI(4.1),Composite leading indicators,I,IDN,Indonesia,M,Monthly,LI,Composite leading indicator (CLI),IX,Index,_Z,Not applicable,AA,Amplitude adjusted,IX,Index,_Z,Not applicable,H,OECD harmonised,2013-10,,99.34301,,A,Normal value,0,Units,2,Two,,
DATAFLOW,OECD.SDD.STES:DSD_STES@DF_CLI(4.1),Composite leading indicators,I,IDN,Indonesia,M,Monthly,LI,Composite leading indicator (CLI),IX,Index,_Z,Not applicable,AA,Amplitude adjusted,IX,Index,_Z,Not applicable,H,OECD harmonised,2013-09,,99.65915,,A,Normal value,0,Units,2,Two,,
DATAFLOW,OECD.SDD.STES:DSD_STES@DF_CLI(4.1),Composite leading indicators,I,IDN,Indonesia,M,Monthly,LI,Composite leading indicator (CLI),IX,Index,_Z,Not applicable,AA,Amplitude adjusted,IX,Index,_Z,Not applicable,H,OECD harmonised,2013-08,,100.0832,,A,Normal value,0,Units,2,Two,,
DATAFLOW,OECD.SDD.STES:DSD_STES@DF_CLI(4.1),Composite leading indicators,I,IDN,Indonesia,M,Monthly,LI,Composite leading indicator (CLI),IX,Index,_Z,Not applicable,AA,Amplitude adjusted,IX,Index,_Z,Not applicable,H,OECD harmonised,2013-07,,100.5668,,A,Normal value,0,Units,2,Two,,
DATAFLOW,OECD.SDD.STES:DSD_STES@DF_CLI(4.1),Composite leading indicators,I,IDN,Indonesia,M,Monthly,LI,Composite leading indicator (CLI),IX,Index,_Z,Not applicable,AA,Amplitude adjusted,IX,Index,_Z,Not applicable,H,OECD harmonised,2013-06,,101.0343,,A,Normal value,0,Units,2,Two,,
DATAFLOW,OECD.SDD.STES:DSD_STES@DF_CLI(4.1),Composite leading indicators,I,IDN,Indonesia,M,Monthly,LI,Composite leading indicator (CLI),IX,Index,_Z,Not applicable,AA,Amplitude adjusted,IX,Index,_Z,Not applicable,H,OECD harmonised,2013-05,,101.4018,,A,Normal value,0,Units,2,Two,,
DATAFLOW,OECD.SDD.STES:DSD_STES@DF_CLI(4.1),Composite leading indicators,I,IDN,Indonesia,M,Monthly,LI,Composite leading indicator (CLI),IX,Index,_Z,Not applicable,AA,Amplitude adjusted,IX,Index,_Z,Not applicable,H,OECD harmonised,2008-06,,97.63243,,A,Normal value,0,Units,2,Two,,
DATAFLOW,OECD.SDD.STES:DSD_STES@DF_CLI(4.1),Composite leading indicators,I,IDN,Indonesia,M,Monthly,LI,Composite leading indicator (CLI),IX,Index,_Z,Not applicable,AA,Amplitude adjusted,IX,Index,_Z,Not applicable,H,OECD harmonised,2008-05,,98.2046,,A,Normal value,0,Units,2,Two,,
DATAFLOW,OECD.SDD.STES:DSD_STES@DF_CLI(4.1),Composite leading indicators,I,IDN,Indonesia,M,Monthly,LI,Composite leading indicator (CLI),IX,Index,_Z,Not applicable,AA,Amplitude adjusted,IX,Index,_Z,Not applicable,H,OECD harmonised,2008-04,,98.82622,,A,Normal value,0,Units,2,Two,,
DATAFLOW,OECD.SDD.STES:DSD_STES@DF_CLI(4.1),Composite leading indicators,I,IDN,Indonesia,M,Monthly,LI,Composite leading indicator (CLI),IX,Index,_Z,Not applicable,AA,Amplitude adjusted,IX,Index,_Z,Not applicable,H,OECD harmonised,2006-03,,98.43644,,A,Normal value,0,Units,2,Two,,
DATAFLOW,OECD.SDD.STES:DSD_STES@DF_CLI(4.1),Composite leading indicators,I,IDN,Indonesia,M,Monthly,LI,Composite leading indicator (CLI),IX,Index,_Z,Not applicable,AA,Amplitude adjusted,IX,Index,_Z,Not applicable,H,OECD harmonised,2006-02,,98.35523,,A,Normal value,0,Units,2,Two,,
DATAFLOW,OECD.SDD.STES:DSD_STES@DF_CLI(4.1),Composite leading indicators,I,IDN,Indonesia,M,Monthly,LI,Composite leading indicator (CLI),IX,Index,_Z,Not applicable,AA,Amplitude adjusted,IX,Index,_Z,Not applicable,H,OECD harmonised,2006-01,,98.32683,,A,Normal value,0,Units,2,Two,,
DATAFLOW,OECD.SDD.STES:DSD_STES@DF_CLI(4.1),Composite leading indicators,I,IDN,Indonesia,M,Monthly,LI,Composite leading indicator (CLI),IX,Index,_Z,Not applicable,AA,Amplitude adjusted,IX,Index,_Z,Not applicable,H,OECD harmonised,2005-12,,98.38454,,A,Normal value,0,Units,2,Two,,
DATAFLOW,OECD.SDD.STES:DSD_STES@DF_CLI(4.1),Composite leading indicators,I,IDN,Indonesia,M,Monthly,LI,Composite leading indicator (CLI),IX,Index,_Z,Not applicable,AA,Amplitude adjusted,IX,Index,_Z,Not applicable,H,OECD harmonised,2005-11,,98.58587,,A,Normal value,0,Units,2,Two,,
DATAFLOW,OECD.SDD.STES:DSD_STES@DF_CLI(4.1),Composite leading indicators,I,IDN,Indonesia,M,Monthly,LI,Composite leading indicator (CLI),IX,Index,_Z,Not applicable,AA,Amplitude adjusted,IX,Index,_Z,Not applicable,H,OECD harmonised,2005-10,,98.98481,,A,Normal value,0,Units,2,Two,,
DATAFLOW,OECD.SDD.STES:DSD_STES@DF_CLI(4.1),Composite leading indicators,I,IDN,Indonesia,M,Monthly,LI,Composite leading indicator (CLI),IX,Index,_Z,Not applicable,AA,Amplitude adjusted,IX,Index,_Z,Not applicable,H,OECD harmonised,2005-09,,99.54276,,A,Normal value,0,Units,2,Two,,
DATAFLOW,OECD.SDD.STES:DSD_STES@DF_CLI(4.1),Composite leading indicators,I,IDN,Indonesia,M,Monthly,LI,Composite leading indicator (CLI),IX,Index,_Z,Not applicable,AA,Amplitude adjusted,IX,Index,_Z,Not applicable,H,OECD harmonised,2005-08,,100.143,,A,Normal value,0,Units,2,Two,,
DATAFLOW,OECD.SDD.STES:DSD_STES@DF_CLI(4.1),Composite leading indicators,I,IDN,Indonesia,M,Monthly,LI,Composite leading indicator (CLI),IX,Index,_Z,Not applicable,AA,Amplitude adjusted,IX,Index,_Z,Not applicable,H,OECD harmonised,2005-07,,100.6935,,A,Normal value,0,Units,2,Two,,
DATAFLOW,OECD.SDD.STES:DSD_STES@DF_CLI(4.1),Composite leading indicators,I,IDN,Indonesia,M,Monthly,LI,Composite leading indicator (CLI),IX,Index,_Z,Not applicable,AA,Amplitude adjusted,IX,Index,_Z,Not applicable,H,OECD harmonised,2005-06,,101.1589,,A,Normal value,0,Units,2,Two,,
DATAFLOW,OECD.SDD.STES:DSD_STES@DF_CLI(4.1),Composite leading indicators,I,IDN,Indonesia,M,Monthly,LI,Composite leading indicator (CLI),IX,Index,_Z,Not applicable,AA,Amplitude adjusted,IX,Index,_Z,Not applicable,H,OECD harmonised,2005-05,,101.5586,,A,Normal value,0,Units,2,Two,,
DATAFLOW,OECD.SDD.STES:DSD_STES@DF_CLI(4.1),Composite leading indicators,I,IDN,Indonesia,M,Monthly,LI,Composite leading indicator (CLI),IX,Index,_Z,Not applicable,AA,Amplitude adjusted,IX,Index,_Z,Not applicable,H,OECD harmonised,2005-04,,101.9359,,A,Normal value,0,Units,2,Two,,
DATAFLOW,OECD.SDD.STES:DSD_STES@DF_CLI(4.1),Composite leading indicators,I,IDN,Indonesia,M,Monthly,LI,Composite leading indicator (CLI),IX,Index,_Z,Not applicable,AA,Amplitude adjusted,IX,Index,_Z,Not applicable,H,OECD harmonised,2005-03,,102.3326,,A,Normal value,0,Units,2,Two,,
DATAFLOW,OECD.SDD.STES:DSD_STES@DF_CLI(4.1),Composite leading indicators,I,IDN,Indonesia,M,Monthly,LI,Composite leading indicator (CLI),IX,Index,_Z,Not applicable,AA,Amplitude adjusted,IX,Index,_Z,Not applicable,H,OECD harmonised,2005-02,,102.716,,A,Normal value,0,Units,2,Two,,
DATAFLOW,OECD.SDD.STES:DSD_STES@DF_CLI(4.1),Composite leading indicators,I,IDN,Indonesia,M,Monthly,LI,Composite leading indicator (CLI),IX,Index,_Z,Not applicable,AA,Amplitude adjusted,IX,Index,_Z,Not applicable,H,OECD harmonised,2005-01,,102.9981,,A,Normal value,0,Units,2,Two,,
DATAFLOW,OECD.SDD.STES:DSD_STES@DF_CLI(4.1),Composite leading indicators,I,IDN,Indonesia,M,Monthly,LI,Composite leading indicator (CLI),IX,Index,_Z,Not applicable,AA,Amplitude adjusted,IX,Index,_Z,Not applicable,H,OECD harmonised,2004-12,,103.1273,,A,Normal value,0,Units,2,Two,,
DATAFLOW,OECD.SDD.STES:DSD_STES@DF_CLI(4.1),Composite leading indicators,I,IDN,Indonesia,M,Monthly,LI,Composite leading indicator (CLI),IX,Index,_Z,Not applicable,AA,Amplitude adjusted,IX,Index,_Z,Not applicable,H,OECD harmonised,2004-11,,103.0592,,A,Normal value,0,Units,2,Two,,
DATAFLOW,OECD.SDD.STES:DSD_STES@DF_CLI(4.1),Composite leading indicators,I,IDN,Indonesia,M,Monthly,LI,Composite leading indicator (CLI),IX,Index,_Z,Not applicable,AA,Amplitude adjusted,IX,Index,_Z,Not applicable,H,OECD harmonised,2004-10,,102.8259,,A,Normal value,0,Units,2,Two,,
DATAFLOW,OECD.SDD.STES:DSD_STES@DF_CLI(4.1),Composite leading indicators,I,IDN,Indonesia,M,Monthly,LI,Composite leading indicator (CLI),IX,Index,_Z,Not applicable,AA,Amplitude adjusted,IX,Index,_Z,Not applicable,H,OECD harmonised,2004-09,,102.4988,,A,Normal value,0,Units,2,Two,,
DATAFLOW,OECD.SDD.STES:DSD_STES@DF_CLI(4.1),Composite leading indicators,I,IDN,Indonesia,M,Monthly,LI,Composite leading indicator (CLI),IX,Index,_Z,Not applicable,AA,Amplitude adjusted,IX,Index,_Z,Not applicable,H,OECD harmonised,2004-08,,102.1721,,A,Normal value,0,Units,2,Two,,
DATAFLOW,OECD.SDD.STES:DSD_STES@DF_CLI(4.1),Composite leading indicators,I,IDN,Indonesia,M,Monthly,LI,Composite leading indicator (CLI),IX,Index,_Z,Not applicable,AA,Amplitude adjusted,IX,Index,_Z,Not applicable,H,OECD harmonised,2004-07,,101.9094,,A,Normal value,0,Units,2,Two,,
DATAFLOW,OECD.SDD.STES:DSD_STES@DF_CLI(4.1),Composite leading indicators,I,IDN,Indonesia,M,Monthly,LI,Composite leading indicator (CLI),IX,Index,_Z,Not applicable,AA,Amplitude adjusted,IX,Index,_Z,Not applicable,H,OECD harmonised,2004-06,,101.7211,,A,Normal value,0,Units,2,Two,,
DATAFLOW,OECD.SDD.STES:DSD_STES@DF_CLI(4.1),Composite leading indicators,I,IDN,Indonesia,M,Monthly,LI,Composite leading indicator (CLI),IX,Index,_Z,Not applicable,AA,Amplitude adjusted,IX,Index,_Z,Not applicable,H,OECD harmonised,2004-05,,101.6199,,A,Normal value,0,Units,2,Two,,
DATAFLOW,OECD.SDD.STES:DSD_STES@DF_CLI(4.1),Composite leading indicators,I,IDN,Indonesia,M,Monthly,LI,Composite leading indicator (CLI),IX,Index,_Z,Not applicable,AA,Amplitude adjusted,IX,Index,_Z,Not applicable,H,OECD harmonised,2004-04,,101.5838,,A,Normal value,0,Units,2,Two,,
DATAFLOW,OECD.SDD.STES:DSD_STES@DF_CLI(4.1),Composite leading indicators,I,IDN,Indonesia,M,Monthly,LI,Composite leading indicator (CLI),IX,Index,_Z,Not applicable,AA,Amplitude adjusted,IX,Index,_Z,Not applicable,H,OECD harmonised,2004-03,,101.5667,,A,Normal value,0,Units,2,Two,,
DATAFLOW,OECD.SDD.STES:DSD_STES@DF_CLI(4.1),Composite leading indicators,I,IDN,Indonesia,M,Monthly,LI,Composite leading indicator (CLI),IX,Index,_Z,Not applicable,AA,Amplitude adjusted,IX,Index,_Z,Not applicable,H,OECD harmonised,2004-02,,101.5326,,A,Normal value,0,Units,2,Two,,
DATAFLOW,OECD.SDD.STES:DSD_STES@DF_CLI(4.1),Composite leading indicators,I,IDN,Indonesia,M,Monthly,LI,Composite leading indicator (CLI),IX,Index,_Z,Not applicable,AA,Amplitude adjusted,IX,Index,_Z,Not applicable,H,OECD harmonised,2004-01,,101.4609,,A,Normal value,0,Units,2,Two,,
DATAFLOW,OECD.SDD.STES:DSD_STES@DF_CLI(4.1),Composite leading indicators,I,IDN,Indonesia,M,Monthly,LI,Composite leading indicator (CLI),IX,Index,_Z,Not applicable,AA,Amplitude adjusted,IX,Index,_Z,Not applicable,H,OECD harmonised,1997-12,,100.1771,,A,Normal value,0,Units,2,Two,,
DATAFLOW,OECD.SDD.STES:DSD_STES@DF_CLI(4.1),Composite leading indicators,I,IDN,Indonesia,M,Monthly,LI,Composite leading indicator (CLI),IX,Index,_Z,Not applicable,AA,Amplitude adjusted,IX,Index,_Z,Not applicable,H,OECD harmonised,2003-12,,101.3276,,A,Normal value,0,Units,2,Two,,
DATAFLOW,OECD.SDD.STES:DSD_STES@DF_CLI(4.1),Composite leading indicators,I,IDN,Indonesia,M,Monthly,LI,Composite leading indicator (CLI),IX,Index,_Z,Not applicable,AA,Amplitude adjusted,IX,Index,_Z,Not applicable,H,OECD harmonised,2003-11,,101.1531,,A,Normal value,0,Units,2,Two,,
DATAFLOW,OECD.SDD.STES:DSD_STES@DF_CLI(4.1),Composite leading indicators,I,IDN,Indonesia,M,Monthly,LI,Composite leading indicator (CLI),IX,Index,_Z,Not applicable,AA,Amplitude adjusted,IX,Index,_Z,Not applicable,H,OECD harmonised,2003-10,,100.96,,A,Normal value,0,Units,2,Two,,
DATAFLOW,OECD.SDD.STES:DSD_STES@DF_CLI(4.1),Composite leading indicators,I,IDN,Indonesia,M,Monthly,LI,Composite leading indicator (CLI),IX,Index,_Z,Not applicable,AA,Amplitude adjusted,IX,Index,_Z,Not applicable,H,OECD harmonised,2003-09,,100.7265,,A,Normal value,0,Units,2,Two,,
DATAFLOW,OECD.SDD.STES:DSD_STES@DF_CLI(4.1),Composite leading indicators,I,IDN,Indonesia,M,Monthly,LI,Composite leading indicator (CLI),IX,Index,_Z,Not applicable,AA,Amplitude adjusted,IX,Index,_Z,Not applicable,H,OECD harmonised,2003-08,,100.4572,,A,Normal value,0,Units,2,Two,,
DATAFLOW,OECD.SDD.STES:DSD_STES@DF_CLI(4.1),Composite leading indicators,I,IDN,Indonesia,M,Monthly,LI,Composite leading indicator (CLI),IX,Index,_Z,Not applicable,AA,Amplitude adjusted,IX,Index,_Z,Not applicable,H,OECD harmonised,2003-07,,100.1568,,A,Normal value,0,Units,2,Two,,
DATAFLOW,OECD.SDD.STES:DSD_STES@DF_CLI(4.1),Composite leading indicators,I,IDN,Indonesia,M,Monthly,LI,Composite leading indicator (CLI),IX,Index,_Z,Not applicable,AA,Amplitude adjusted,IX,Index,_Z,Not applicable,H,OECD harmonised,2003-06,,99.81759,,A,Normal value,0,Units,2,Two,,
DATAFLOW,OECD.SDD.STES:DSD_STES@DF_CLI(4.1),Composite leading indicators,I,IDN,Indonesia,M,Monthly,LI,Composite leading indicator (CLI),IX,Index,_Z,Not applicable,AA,Amplitude adjusted,IX,Index,_Z,Not applicable,H,OECD harmonised,2003-05,,99.47421,,A,Normal value,0,Units,2,Two,,
DATAFLOW,OECD.SDD.STES:DSD_STES@DF_CLI(4.1),Composite leading indicators,I,IDN,Indonesia,M,Monthly,LI,Composite leading indicator (CLI),IX,Index,_Z,Not applicable,AA,Amplitude adjusted,IX,Index,_Z,Not applicable,H,OECD harmonised,2003-04,,99.18467,,A,Normal value,0,Units,2,Two,,
DATAFLOW,OECD.SDD.STES:DSD_STES@DF_CLI(4.1),Composite leading indicators,I,IDN,Indonesia,M,Monthly,LI,Composite leading indicator (CLI),IX,Index,_Z,Not applicable,AA,Amplitude adjusted,IX,Index,_Z,Not applicable,H,OECD harmonised,2003-03,,99.00783,,A,Normal value,0,Units,2,Two,,
DATAFLOW,OECD.SDD.STES:DSD_STES@DF_CLI(4.1),Composite leading indicators,I,IDN,Indonesia,M,Monthly,LI,Composite leading indicator (CLI),IX,Index,_Z,Not applicable,AA,Amplitude adjusted,IX,Index,_Z,Not applicable,H,OECD harmonised,2003-02,,98.97411,,A,Normal value,0,Units,2,Two,,
DATAFLOW,OECD.SDD.STES:DSD_STES@DF_CLI(4.1),Composite leading indicators,I,IDN,Indonesia,M,Monthly,LI,Composite leading indicator (CLI),IX,Index,_Z,Not applicable,AA,Amplitude adjusted,IX,Index,_Z,Not applicable,H,OECD harmonised,2003-01,,99.09132,,A,Normal value,0,Units,2,Two,,
DATAFLOW,OECD.SDD.STES:DSD_STES@DF_CLI(4.1),Composite leading indicators,I,IDN,Indonesia,M,Monthly,LI,Composite leading indicator (CLI),IX,Index,_Z,Not applicable,AA,Amplitude adjusted,IX,Index,_Z,Not applicable,H,OECD harmonised,2002-12,,99.35121,,A,Normal value,0,Units,2,Two,,
DATAFLOW,OECD.SDD.STES:DSD_STES@DF_CLI(4.1),Composite leading indicators,I,IDN,Indonesia,M,Monthly,LI,Composite leading indicator (CLI),IX,Index,_Z,Not applicable,AA,Amplitude adjusted,IX,Index,_Z,Not applicable,H,OECD harmonised,2002-11,,99.72822,,A,Normal value,0,Units,2,Two,,
DATAFLOW,OECD.SDD.STES:DSD_STES@DF_CLI(4.1),Composite leading indicators,I,IDN,Indonesia,M,Monthly,LI,Composite leading indicator (CLI),IX,Index,_Z,Not applicable,AA,Amplitude adjusted,IX,Index,_Z,Not applicable,H,OECD harmonised,2002-10,,100.189,,A,Normal value,0,Units,2,Two,,
DATAFLOW,OECD.SDD.STES:DSD_STES@DF_CLI(4.1),Composite leading indicators,I,IDN,Indonesia,M,Monthly,LI,Composite leading indicator (CLI),IX,Index,_Z,Not applicable,AA,Amplitude adjusted,IX,Index,_Z,Not applicable,H,OECD harmonised,2002-09,,100.6703,,A,Normal value,0,Units,2,Two,,
DATAFLOW,OECD.SDD.STES:DSD_STES@DF_CLI(4.1),Composite leading indicators,I,IDN,Indonesia,M,Monthly,LI,Composite leading indicator (CLI),IX,Index,_Z,Not applicable,AA,Amplitude adjusted,IX,Index,_Z,Not applicable,H,OECD harmonised,2002-08,,101.0767,,A,Normal value,0,Units,2,Two,,
DATAFLOW,OECD.SDD.STES:DSD_STES@DF_CLI(4.1),Composite leading indicators,I,IDN,Indonesia,M,Monthly,LI,Composite leading indicator (CLI),IX,Index,_Z,Not applicable,AA,Amplitude adjusted,IX,Index,_Z,Not applicable,H,OECD harmonised,2002-07,,101.3369,,A,Normal value,0,Units,2,Two,,
DATAFLOW,OECD.SDD.STES:DSD_STES@DF_CLI(4.1),Composite leading indicators,I,IDN,Indonesia,M,Monthly,LI,Composite leading indicator (CLI),IX,Index,_Z,Not applicable,AA,Amplitude adjusted,IX,Index,_Z,Not applicable,H,OECD harmonised,2002-06,,101.4097,,A,Normal value,0,Units,2,Two,,
DATAFLOW,OECD.SDD.STES:DSD_STES@DF_CLI(4.1),Composite leading indicators,I,IDN,Indonesia,M,Monthly,LI,Composite leading indicator (CLI),IX,Index,_Z,Not applicable,AA,Amplitude adjusted,IX,Index,_Z,Not applicable,H,OECD harmonised,2002-05,,101.2745,,A,Normal value,0,Units,2,Two,,
DATAFLOW,OECD.SDD.STES:DSD_STES@DF_CLI(4.1),Composite leading indicators,I,IDN,Indonesia,M,Monthly,LI,Composite leading indicator (CLI),IX,Index,_Z,Not applicable,AA,Amplitude adjusted,IX,Index,_Z,Not applicable,H,OECD harmonised,2002-04,,100.9649,,A,Normal value,0,Units,2,Two,,
DATAFLOW,OECD.SDD.STES:DSD_STES@DF_CLI(4.1),Composite leading indicators,I,IDN,Indonesia,M,Monthly,LI,Composite leading indicator (CLI),IX,Index,_Z,Not applicable,AA,Amplitude adjusted,IX,Index,_Z,Not applicable,H,OECD harmonised,2002-03,,100.5586,,A,Normal value,0,Units,2,Two,,
DATAFLOW,OECD.SDD.STES:DSD_STES@DF_CLI(4.1),Composite leading indicators,I,IDN,Indonesia,M,Monthly,LI,Composite leading indicator (CLI),IX,Index,_Z,Not applicable,AA,Amplitude adjusted,IX,Index,_Z,Not applicable,H,OECD harmonised,2002-02,,100.1566,,A,Normal value,0,Units,2,Two,,
DATAFLOW,OECD.SDD.STES:DSD_STES@DF_CLI(4.1),Composite leading indicators,I,IDN,Indonesia,M,Monthly,LI,Composite leading indicator (CLI),IX,Index,_Z,Not applicable,AA,Amplitude adjusted,IX,Index,_Z,Not applicable,H,OECD harmonised,2002-01,,99.86117,,A,Normal value,0,Units,2,Two,,
DATAFLOW,OECD.SDD.STES:DSD_STES@DF_CLI(4.1),Composite leading indicators,I,IDN,Indonesia,M,Monthly,LI,Composite leading indicator (CLI),IX,Index,_Z,Not applicable,AA,Amplitude adjusted,IX,Index,_Z,Not applicable,H,OECD harmonised,2001-12,,99.68334,,A,Normal value,0,Units,2,Two,,
DATAFLOW,OECD.SDD.STES:DSD_STES@DF_CLI(4.1),Composite leading indicators,I,IDN,Indonesia,M,Monthly,LI,Composite leading indicator (CLI),IX,Index,_Z,Not applicable,AA,Amplitude adjusted,IX,Index,_Z,Not applicable,H,OECD harmonised,2001-11,,99.58514,,A,Normal value,0,Units,2,Two,,
DATAFLOW,OECD.SDD.STES:DSD_STES@DF_CLI(4.1),Composite leading indicators,I,IDN,Indonesia,M,Monthly,LI,Composite leading indicator (CLI),IX,Index,_Z,Not applicable,AA,Amplitude adjusted,IX,Index,_Z,Not applicable,H,OECD harmonised,2001-10,,99.49481,,A,Normal value,0,Units,2,Two,,
DATAFLOW,OECD.SDD.STES:DSD_STES@DF_CLI(4.1),Composite leading indicators,I,IDN,Indonesia,M,Monthly,LI,Composite leading indicator (CLI),IX,Index,_Z,Not applicable,AA,Amplitude adjusted,IX,Index,_Z,Not applicable,H,OECD harmonised,2001-09,,99.34904,,A,Normal value,0,Units,2,Two,,
DATAFLOW,OECD.SDD.STES:DSD_STES@DF_CLI(4.1),Composite leading indicators,I,IDN,Indonesia,M,Monthly,LI,Composite leading indicator (CLI),IX,Index,_Z,Not applicable,AA,Amplitude adjusted,IX,Index,_Z,Not applicable,H,OECD harmonised,2001-08,,99.11714,,A,Normal value,0,Units,2,Two,,
DATAFLOW,OECD.SDD.STES:DSD_STES@DF_CLI(4.1),Composite leading indicators,I,IDN,Indonesia,M,Monthly,LI,Composite leading indicator (CLI),IX,Index,_Z,Not applicable,AA,Amplitude adjusted,IX,Index,_Z,Not applicable,H,OECD harmonised,2001-07,,98.81347,,A,Normal value,0,Units,2,Two,,
DATAFLOW,OECD.SDD.STES:DSD_STES@DF_CLI(4.1),Composite leading indicators,I,IDN,Indonesia,M,Monthly,LI,Composite leading indicator (CLI),IX,Index,_Z,Not applicable,AA,Amplitude adjusted,IX,Index,_Z,Not applicable,H,OECD harmonised,2001-06,,98.50407,,A,Normal value,0,Units,2,Two,,
DATAFLOW,OECD.SDD.STES:DSD_STES@DF_CLI(4.1),Composite leading indicators,I,IDN,Indonesia,M,Monthly,LI,Composite leading indicator (CLI),IX,Index,_Z,Not applicable,AA,Amplitude adjusted,IX,Index,_Z,Not applicable,H,OECD harmonised,2001-05,,98.25265,,A,Normal value,0,Units,2,Two,,
DATAFLOW,OECD.SDD.STES:DSD_STES@DF_CLI(4.1),Composite leading indicators,I,IDN,Indonesia,M,Monthly,LI,Composite leading indicator (CLI),IX,Index,_Z,Not applicable,AA,Amplitude adjusted,IX,Index,_Z,Not applicable,H,OECD harmonised,2001-04,,98.10469,,A,Normal value,0,Units,2,Two,,
DATAFLOW,OECD.SDD.STES:DSD_STES@DF_CLI(4.1),Composite leading indicators,I,IDN,Indonesia,M,Monthly,LI,Composite leading indicator (CLI),IX,Index,_Z,Not applicable,AA,Amplitude adjusted,IX,Index,_Z,Not applicable,H,OECD harmonised,2001-03,,98.21423,,A,Normal value,0,Units,2,Two,,
DATAFLOW,OECD.SDD.STES:DSD_STES@DF_CLI(4.1),Composite leading indicators,I,IDN,Indonesia,M,Monthly,LI,Composite leading indicator (CLI),IX,Index,_Z,Not applicable,AA,Amplitude adjusted,IX,Index,_Z,Not applicable,H,OECD harmonised,2001-02,,98.44871,,A,Normal value,0,Units,2,Two,,
DATAFLOW,OECD.SDD.STES:DSD_STES@DF_CLI(4.1),Composite leading indicators,I,IDN,Indonesia,M,Monthly,LI,Composite leading indicator (CLI),IX,Index,_Z,Not applicable,AA,Amplitude adjusted,IX,Index,_Z,Not applicable,H,OECD harmonised,2001-01,,98.75304,,A,Normal value,0,Units,2,Two,,
DATAFLOW,OECD.SDD.STES:DSD_STES@DF_CLI(4.1),Composite leading indicators,I,IDN,Indonesia,M,Monthly,LI,Composite leading indicator (CLI),IX,Index,_Z,Not applicable,AA,Amplitude adjusted,IX,Index,_Z,Not applicable,H,OECD harmonised,2000-12,,99.0845,,A,Normal value,0,Units,2,Two,,
DATAFLOW,OECD.SDD.STES:DSD_STES@DF_CLI(4.1),Composite leading indicators,I,IDN,Indonesia,M,Monthly,LI,Composite leading indicator (CLI),IX,Index,_Z,Not applicable,AA,Amplitude adjusted,IX,Index,_Z,Not applicable,H,OECD harmonised,2000-11,,99.42717,,A,Normal value,0,Units,2,Two,,
DATAFLOW,OECD.SDD.STES:DSD_STES@DF_CLI(4.1),Composite leading indicators,I,IDN,Indonesia,M,Monthly,LI,Composite leading indicator (CLI),IX,Index,_Z,Not applicable,AA,Amplitude adjusted,IX,Index,_Z,Not applicable,H,OECD harmonised,2000-10,,99.77415,,A,Normal value,0,Units,2,Two,,
DATAFLOW,OECD.SDD.STES:DSD_STES@DF_CLI(4.1),Composite leading indicators,I,IDN,Indonesia,M,Monthly,LI,Composite leading indicator (CLI),IX,Index,_Z,Not applicable,AA,Amplitude adjusted,IX,Index,_Z,Not applicable,H,OECD harmonised,2000-09,,100.1263,,A,Normal value,0,Units,2,Two,,
DATAFLOW,OECD.SDD.STES:DSD_STES@DF_CLI(4.1),Composite leading indicators,I,IDN,Indonesia,M,Monthly,LI,Composite leading indicator (CLI),IX,Index,_Z,Not applicable,AA,Amplitude adjusted,IX,Index,_Z,Not applicable,H,OECD harmonised,2000-08,,100.4885,,A,Normal value,0,Units,2,Two,,
DATAFLOW,OECD.SDD.STES:DSD_STES@DF_CLI(4.1),Composite leading indicators,I,IDN,Indonesia,M,Monthly,LI,Composite leading indicator (CLI),IX,Index,_Z,Not applicable,AA,Amplitude adjusted,IX,Index,_Z,Not applicable,H,OECD harmonised,2000-07,,100.8771,,A,Normal value,0,Units,2,Two,,
DATAFLOW,OECD.SDD.STES:DSD_STES@DF_CLI(4.1),Composite leading indicators,I,IDN,Indonesia,M,Monthly,LI,Composite leading indicator (CLI),IX,Index,_Z,Not applicable,AA,Amplitude adjusted,IX,Index,_Z,Not applicable,H,OECD harmonised,2000-06,,101.2825,,A,Normal value,0,Units,2,Two,,
DATAFLOW,OECD.SDD.STES:DSD_STES@DF_CLI(4.1),Composite leading indicators,I,IDN,Indonesia,M,Monthly,LI,Composite leading indicator (CLI),IX,Index,_Z,Not applicable,AA,Amplitude adjusted,IX,Index,_Z,Not applicable,H,OECD harmonised,2000-05,,101.6725,,A,Normal value,0,Units,2,Two,,
DATAFLOW,OECD.SDD.STES:DSD_STES@DF_CLI(4.1),Composite leading indicators,I,IDN,Indonesia,M,Monthly,LI,Composite leading indicator (CLI),IX,Index,_Z,Not applicable,AA,Amplitude adjusted,IX,Index,_Z,Not applicable,H,OECD harmonised,2000-04,,101.9936,,A,Normal value,0,Units,2,Two,,
DATAFLOW,OECD.SDD.STES:DSD_STES@DF_CLI(4.1),Composite leading indicators,I,IDN,Indonesia,M,Monthly,LI,Composite leading indicator (CLI),IX,Index,_Z,Not applicable,AA,Amplitude adjusted,IX,Index,_Z,Not applicable,H,OECD harmonised,2000-03,,102.1799,,A,Normal value,0,Units,2,Two,,
DATAFLOW,OECD.SDD.STES:DSD_STES@DF_CLI(4.1),Composite leading indicators,I,IDN,Indonesia,M,Monthly,LI,Composite leading indicator (CLI),IX,Index,_Z,Not applicable,AA,Amplitude adjusted,IX,Index,_Z,Not applicable,H,OECD harmonised,2000-02,,102.1832,,A,Normal value,0,Units,2,Two,,
DATAFLOW,OECD.SDD.STES:DSD_STES@DF_CLI(4.1),Composite leading indicators,I,IDN,Indonesia,M,Monthly,LI,Composite leading indicator (CLI),IX,Index,_Z,Not applicable,AA,Amplitude adjusted,IX,Index,_Z,Not applicable,H,OECD harmonised,2000-01,,101.9894,,A,Normal value,0,Units,2,Two,,
DATAFLOW,OECD.SDD.STES:DSD_STES@DF_CLI(4.1),Composite leading indicators,I,IDN,Indonesia,M,Monthly,LI,Composite leading indicator (CLI),IX,Index,_Z,Not applicable,AA,Amplitude adjusted,IX,Index,_Z,Not applicable,H,OECD harmonised,1999-12,,101.6446,,A,Normal value,0,Units,2,Two,,
DATAFLOW,OECD.SDD.STES:DSD_STES@DF_CLI(4.1),Composite leading indicators,I,IDN,Indonesia,M,Monthly,LI,Composite leading indicator (CLI),IX,Index,_Z,Not applicable,AA,Amplitude adjusted,IX,Index,_Z,Not applicable,H,OECD harmonised,1999-11,,101.1918,,A,Normal value,0,Units,2,Two,,
DATAFLOW,OECD.SDD.STES:DSD_STES@DF_CLI(4.1),Composite leading indicators,I,IDN,Indonesia,M,Monthly,LI,Composite leading indicator (CLI),IX,Index,_Z,Not applicable,AA,Amplitude adjusted,IX,Index,_Z,Not applicable,H,OECD harmonised,1999-10,,100.6883,,A,Normal value,0,Units,2,Two,,
DATAFLOW,OECD.SDD.STES:DSD_STES@DF_CLI(4.1),Composite leading indicators,I,IDN,Indonesia,M,Monthly,LI,Composite leading indicator (CLI),IX,Index,_Z,Not applicable,AA,Amplitude adjusted,IX,Index,_Z,Not applicable,H,OECD harmonised,1999-09,,100.1937,,A,Normal value,0,Units,2,Two,,
DATAFLOW,OECD.SDD.STES:DSD_STES@DF_CLI(4.1),Composite leading indicators,I,IDN,Indonesia,M,Monthly,LI,Composite leading indicator (CLI),IX,Index,_Z,Not applicable,AA,Amplitude adjusted,IX,Index,_Z,Not applicable,H,OECD harmonised,1999-08,,99.69977,,A,Normal value,0,Units,2,Two,,
DATAFLOW,OECD.SDD.STES:DSD_STES@DF_CLI(4.1),Composite leading indicators,I,IDN,Indonesia,M,Monthly,LI,Composite leading indicator (CLI),IX,Index,_Z,Not applicable,AA,Amplitude adjusted,IX,Index,_Z,Not applicable,H,OECD harmonised,1999-07,,99.10349,,A,Normal value,0,Units,2,Two,,
DATAFLOW,OECD.SDD.STES:DSD_STES@DF_CLI(4.1),Composite leading indicators,I,IDN,Indonesia,M,Monthly,LI,Composite leading indicator (CLI),IX,Index,_Z,Not applicable,AA,Amplitude adjusted,IX,Index,_Z,Not applicable,H,OECD harmonised,1999-06,,98.30204,,A,Normal value,0,Units,2,Two,,
DATAFLOW,OECD.SDD.STES:DSD_STES@DF_CLI(4.1),Composite leading indicators,I,IDN,Indonesia,M,Monthly,LI,Composite leading indicator (CLI),IX,Index,_Z,Not applicable,AA,Amplitude adjusted,IX,Index,_Z,Not applicable,H,OECD harmonised,1999-05,,97.31092,,A,Normal value,0,Units,2,Two,,
DATAFLOW,OECD.SDD.STES:DSD_STES@DF_CLI(4.1),Composite leading indicators,I,IDN,Indonesia,M,Monthly,LI,Composite leading indicator (CLI),IX,Index,_Z,Not applicable,AA,Amplitude adjusted,IX,Index,_Z,Not applicable,H,OECD harmonised,1999-04,,96.24158,,A,Normal value,0,Units,2,Two,,
DATAFLOW,OECD.SDD.STES:DSD_STES@DF_CLI(4.1),Composite leading indicators,I,IDN,Indonesia,M,Monthly,LI,Composite leading indicator (CLI),IX,Index,_Z,Not applicable,AA,Amplitude adjusted,IX,Index,_Z,Not applicable,H,OECD harmonised,1999-03,,95.22869,,A,Normal value,0,Units,2,Two,,
DATAFLOW,OECD.SDD.STES:DSD_STES@DF_CLI(4.1),Composite leading indicators,I,IDN,Indonesia,M,Monthly,LI,Composite leading indicator (CLI),IX,Index,_Z,Not applicable,AA,Amplitude adjusted,IX,Index,_Z,Not applicable,H,OECD harmonised,1999-02,,94.31834,,A,Normal value,0,Units,2,Two,,
DATAFLOW,OECD.SDD.STES:DSD_STES@DF_CLI(4.1),Composite leading indicators,I,IDN,Indonesia,M,Monthly,LI,Composite leading indicator (CLI),IX,Index,_Z,Not applicable,AA,Amplitude adjusted,IX,Index,_Z,Not applicable,H,OECD harmonised,1999-01,,93.48068,,A,Normal value,0,Units,2,Two,,
DATAFLOW,OECD.SDD.STES:DSD_STES@DF_CLI(4.1),Composite leading indicators,I,IDN,Indonesia,M,Monthly,LI,Composite leading indicator (CLI),IX,Index,_Z,Not applicable,AA,Amplitude adjusted,IX,Index,_Z,Not applicable,H,OECD harmonised,1998-12,,92.63607,,A,Normal value,0,Units,2,Two,,
DATAFLOW,OECD.SDD.STES:DSD_STES@DF_CLI(4.1),Composite leading indicators,I,IDN,Indonesia,M,Monthly,LI,Composite leading indicator (CLI),IX,Index,_Z,Not applicable,AA,Amplitude adjusted,IX,Index,_Z,Not applicable,H,OECD harmonised,1998-11,,91.70514,,A,Normal value,0,Units,2,Two,,
DATAFLOW,OECD.SDD.STES:DSD_STES@DF_CLI(4.1),Composite leading indicators,I,IDN,Indonesia,M,Monthly,LI,Composite leading indicator (CLI),IX,Index,_Z,Not applicable,AA,Amplitude adjusted,IX,Index,_Z,Not applicable,H,OECD harmonised,1998-10,,90.71437,,A,Normal value,0,Units,2,Two,,
DATAFLOW,OECD.SDD.STES:DSD_STES@DF_CLI(4.1),Composite leading indicators,I,IDN,Indonesia,M,Monthly,LI,Composite leading indicator (CLI),IX,Index,_Z,Not applicable,AA,Amplitude adjusted,IX,Index,_Z,Not applicable,H,OECD harmonised,1998-09,,89.80244,,A,Normal value,0,Units,2,Two,,
DATAFLOW,OECD.SDD.STES:DSD_STES@DF_CLI(4.1),Composite leading indicators,I,IDN,Indonesia,M,Monthly,LI,Composite leading indicator (CLI),IX,Index,_Z,Not applicable,AA,Amplitude adjusted,IX,Index,_Z,Not applicable,H,OECD harmonised,1998-08,,89.19308,,A,Normal value,0,Units,2,Two,,
DATAFLOW,OECD.SDD.STES:DSD_STES@DF_CLI(4.1),Composite leading indicators,I,IDN,Indonesia,M,Monthly,LI,Composite leading indicator (CLI),IX,Index,_Z,Not applicable,AA,Amplitude adjusted,IX,Index,_Z,Not applicable,H,OECD harmonised,1998-07,,89.09145,,A,Normal value,0,Units,2,Two,,
DATAFLOW,OECD.SDD.STES:DSD_STES@DF_CLI(4.1),Composite leading indicators,I,IDN,Indonesia,M,Monthly,LI,Composite leading indicator (CLI),IX,Index,_Z,Not applicable,AA,Amplitude adjusted,IX,Index,_Z,Not applicable,H,OECD harmonised,2017-03,,100.2642,,A,Normal value,0,Units,2,Two,,
DATAFLOW,OECD.SDD.STES:DSD_STES@DF_CLI(4.1),Composite leading indicators,I,IDN,Indonesia,M,Monthly,LI,Composite leading indicator (CLI),IX,Index,_Z,Not applicable,AA,Amplitude adjusted,IX,Index,_Z,Not applicable,H,OECD harmonised,2017-02,,100.0869,,A,Normal value,0,Units,2,Two,,
DATAFLOW,OECD.SDD.STES:DSD_STES@DF_CLI(4.1),Composite leading indicators,I,IDN,Indonesia,M,Monthly,LI,Composite leading indicator (CLI),IX,Index,_Z,Not applicable,AA,Amplitude adjusted,IX,Index,_Z,Not applicable,H,OECD harmonised,2017-01,,99.92717,,A,Normal value,0,Units,2,Two,,
DATAFLOW,OECD.SDD.STES:DSD_STES@DF_CLI(4.1),Composite leading indicators,I,IDN,Indonesia,M,Monthly,LI,Composite leading indicator (CLI),IX,Index,_Z,Not applicable,AA,Amplitude adjusted,IX,Index,_Z,Not applicable,H,OECD harmonised,2016-12,,99.78185,,A,Normal value,0,Units,2,Two,,
DATAFLOW,OECD.SDD.STES:DSD_STES@DF_CLI(4.1),Composite leading indicators,I,IDN,Indonesia,M,Monthly,LI,Composite leading indicator (CLI),IX,Index,_Z,Not applicable,AA,Amplitude adjusted,IX,Index,_Z,Not applicable,H,OECD harmonised,2016-11,,99.65688,,A,Normal value,0,Units,2,Two,,
DATAFLOW,OECD.SDD.STES:DSD_STES@DF_CLI(4.1),Composite leading indicators,I,IDN,Indonesia,M,Monthly,LI,Composite leading indicator (CLI),IX,Index,_Z,Not applicable,AA,Amplitude adjusted,IX,Index,_Z,Not applicable,H,OECD harmonised,2016-10,,99.53759,,A,Normal value,0,Units,2,Two,,
DATAFLOW,OECD.SDD.STES:DSD_STES@DF_CLI(4.1),Composite leading indicators,I,IDN,Indonesia,M,Monthly,LI,Composite leading indicator (CLI),IX,Index,_Z,Not applicable,AA,Amplitude adjusted,IX,Index,_Z,Not applicable,H,OECD harmonised,2016-09,,99.41071,,A,Normal value,0,Units,2,Two,,
DATAFLOW,OECD.SDD.STES:DSD_STES@DF_CLI(4.1),Composite leading indicators,I,IDN,Indonesia,M,Monthly,LI,Composite leading indicator (CLI),IX,Index,_Z,Not applicable,AA,Amplitude adjusted,IX,Index,_Z,Not applicable,H,OECD harmonised,2016-08,,99.28487,,A,Normal value,0,Units,2,Two,,
DATAFLOW,OECD.SDD.STES:DSD_STES@DF_CLI(4.1),Composite leading indicators,I,IDN,Indonesia,M,Monthly,LI,Composite leading indicator (CLI),IX,Index,_Z,Not applicable,AA,Amplitude adjusted,IX,Index,_Z,Not applicable,H,OECD harmonised,2016-07,,99.15444,,A,Normal value,0,Units,2,Two,,
DATAFLOW,OECD.SDD.STES:DSD_STES@DF_CLI(4.1),Composite leading indicators,I,IDN,Indonesia,M,Monthly,LI,Composite leading indicator (CLI),IX,Index,_Z,Not applicable,AA,Amplitude adjusted,IX,Index,_Z,Not applicable,H,OECD harmonised,2016-06,,99.02956,,A,Normal value,0,Units,2,Two,,
DATAFLOW,OECD.SDD.STES:DSD_STES@DF_CLI(4.1),Composite leading indicators,I,IDN,Indonesia,M,Monthly,LI,Composite leading indicator (CLI),IX,Index,_Z,Not applicable,AA,Amplitude adjusted,IX,Index,_Z,Not applicable,H,OECD harmonised,2016-05,,98.92396,,A,Normal value,0,Units,2,Two,,
DATAFLOW,OECD.SDD.STES:DSD_STES@DF_CLI(4.1),Composite leading indicators,I,IDN,Indonesia,M,Monthly,LI,Composite leading indicator (CLI),IX,Index,_Z,Not applicable,AA,Amplitude adjusted,IX,Index,_Z,Not applicable,H,OECD harmonised,2016-04,,98.82918,,A,Normal value,0,Units,2,Two,,
DATAFLOW,OECD.SDD.STES:DSD_STES@DF_CLI(4.1),Composite leading indicators,I,IDN,Indonesia,M,Monthly,LI,Composite leading indicator (CLI),IX,Index,_Z,Not applicable,AA,Amplitude adjusted,IX,Index,_Z,Not applicable,H,OECD harmonised,2016-03,,98.72742,,A,Normal value,0,Units,2,Two,,
DATAFLOW,OECD.SDD.STES:DSD_STES@DF_CLI(4.1),Composite leading indicators,I,IDN,Indonesia,M,Monthly,LI,Composite leading indicator (CLI),IX,Index,_Z,Not applicable,AA,Amplitude adjusted,IX,Index,_Z,Not applicable,H,OECD harmonised,2016-02,,98.60632,,A,Normal value,0,Units,2,Two,,
DATAFLOW,OECD.SDD.STES:DSD_STES@DF_CLI(4.1),Composite leading indicators,I,IDN,Indonesia,M,Monthly,LI,Composite leading indicator (CLI),IX,Index,_Z,Not applicable,AA,Amplitude adjusted,IX,Index,_Z,Not applicable,H,OECD harmonised,2016-01,,98.45573,,A,Normal value,0,Units,2,Two,,
DATAFLOW,OECD.SDD.STES:DSD_STES@DF_CLI(4.1),Composite leading indicators,I,IDN,Indonesia,M,Monthly,LI,Composite leading indicator (CLI),IX,Index,_Z,Not applicable,AA,Amplitude adjusted,IX,Index,_Z,Not applicable,H,OECD harmonised,2011-12,,101.1363,,A,Normal value,0,Units,2,Two,,
DATAFLOW,OECD.SDD.STES:DSD_STES@DF_CLI(4.1),Composite leading indicators,I,IDN,Indonesia,M,Monthly,LI,Composite leading indicator (CLI),IX,Index,_Z,Not applicable,AA,Amplitude adjusted,IX,Index,_Z,Not applicable,H,OECD harmonised,2008-03,,99.44715,,A,Normal value,0,Units,2,Two,,
DATAFLOW,OECD.SDD.STES:DSD_STES@DF_CLI(4.1),Composite leading indicators,I,IDN,Indonesia,M,Monthly,LI,Composite leading indicator (CLI),IX,Index,_Z,Not applicable,AA,Amplitude adjusted,IX,Index,_Z,Not applicable,H,OECD harmonised,2008-02,,100.0105,,A,Normal value,0,Units,2,Two,,
DATAFLOW,OECD.SDD.STES:DSD_STES@DF_CLI(4.1),Composite leading indicators,I,IDN,Indonesia,M,Monthly,LI,Composite leading indicator (CLI),IX,Index,_Z,Not applicable,AA,Amplitude adjusted,IX,Index,_Z,Not applicable,H,OECD harmonised,2008-01,,100.4662,,A,Normal value,0,Units,2,Two,,
DATAFLOW,OECD.SDD.STES:DSD_STES@DF_CLI(4.1),Composite leading indicators,I,IDN,Indonesia,M,Monthly,LI,Composite leading indicator (CLI),IX,Index,_Z,Not applicable,AA,Amplitude adjusted,IX,Index,_Z,Not applicable,H,OECD harmonised,2007-12,,100.821,,A,Normal value,0,Units,2,Two,,
DATAFLOW,OECD.SDD.STES:DSD_STES@DF_CLI(4.1),Composite leading indicators,I,IDN,Indonesia,M,Monthly,LI,Composite leading indicator (CLI),IX,Index,_Z,Not applicable,AA,Amplitude adjusted,IX,Index,_Z,Not applicable,H,OECD harmonised,2007-11,,101.0832,,A,Normal value,0,Units,2,Two,,
DATAFLOW,OECD.SDD.STES:DSD_STES@DF_CLI(4.1),Composite leading indicators,I,IDN,Indonesia,M,Monthly,LI,Composite leading indicator (CLI),IX,Index,_Z,Not applicable,AA,Amplitude adjusted,IX,Index,_Z,Not applicable,H,OECD harmonised,2007-10,,101.2642,,A,Normal value,0,Units,2,Two,,
DATAFLOW,OECD.SDD.STES:DSD_STES@DF_CLI(4.1),Composite leading indicators,I,IDN,Indonesia,M,Monthly,LI,Composite leading indicator (CLI),IX,Index,_Z,Not applicable,AA,Amplitude adjusted,IX,Index,_Z,Not applicable,H,OECD harmonised,2007-09,,101.3761,,A,Normal value,0,Units,2,Two,,
DATAFLOW,OECD.SDD.STES:DSD_STES@DF_CLI(4.1),Composite leading indicators,I,IDN,Indonesia,M,Monthly,LI,Composite leading indicator (CLI),IX,Index,_Z,Not applicable,AA,Amplitude adjusted,IX,Index,_Z,Not applicable,H,OECD harmonised,2007-08,,101.4328,,A,Normal value,0,Units,2,Two,,
DATAFLOW,OECD.SDD.STES:DSD_STES@DF_CLI(4.1),Composite leading indicators,I,IDN,Indonesia,M,Monthly,LI,Composite leading indicator (CLI),IX,Index,_Z,Not applicable,AA,Amplitude adjusted,IX,Index,_Z,Not applicable,H,OECD harmonised,2007-07,,101.4421,,A,Normal value,0,Units,2,Two,,
DATAFLOW,OECD.SDD.STES:DSD_STES@DF_CLI(4.1),Composite leading indicators,I,IDN,Indonesia,M,Monthly,LI,Composite leading indicator (CLI),IX,Index,_Z,Not applicable,AA,Amplitude adjusted,IX,Index,_Z,Not applicable,H,OECD harmonised,2007-06,,101.384,,A,Normal value,0,Units,2,Two,,
DATAFLOW,OECD.SDD.STES:DSD_STES@DF_CLI(4.1),Composite leading indicators,I,IDN,Indonesia,M,Monthly,LI,Composite leading indicator (CLI),IX,Index,_Z,Not applicable,AA,Amplitude adjusted,IX,Index,_Z,Not applicable,H,OECD harmonised,2007-05,,101.2628,,A,Normal value,0,Units,2,Two,,
DATAFLOW,OECD.SDD.STES:DSD_STES@DF_CLI(4.1),Composite leading indicators,I,IDN,Indonesia,M,Monthly,LI,Composite leading indicator (CLI),IX,Index,_Z,Not applicable,AA,Amplitude adjusted,IX,Index,_Z,Not applicable,H,OECD harmonised,2007-04,,101.0987,,A,Normal value,0,Units,2,Two,,
DATAFLOW,OECD.SDD.STES:DSD_STES@DF_CLI(4.1),Composite leading indicators,I,IDN,Indonesia,M,Monthly,LI,Composite leading indicator (CLI),IX,Index,_Z,Not applicable,AA,Amplitude adjusted,IX,Index,_Z,Not applicable,H,OECD harmonised,2007-03,,100.9291,,A,Normal value,0,Units,2,Two,,
DATAFLOW,OECD.SDD.STES:DSD_STES@DF_CLI(4.1),Composite leading indicators,I,IDN,Indonesia,M,Monthly,LI,Composite leading indicator (CLI),IX,Index,_Z,Not applicable,AA,Amplitude adjusted,IX,Index,_Z,Not applicable,H,OECD harmonised,2007-02,,100.7823,,A,Normal value,0,Units,2,Two,,
DATAFLOW,OECD.SDD.STES:DSD_STES@DF_CLI(4.1),Composite leading indicators,I,IDN,Indonesia,M,Monthly,LI,Composite leading indicator (CLI),IX,Index,_Z,Not applicable,AA,Amplitude adjusted,IX,Index,_Z,Not applicable,H,OECD harmonised,2007-01,,100.6347,,A,Normal value,0,Units,2,Two,,
DATAFLOW,OECD.SDD.STES:DSD_STES@DF_CLI(4.1),Composite leading indicators,I,IDN,Indonesia,M,Monthly,LI,Composite leading indicator (CLI),IX,Index,_Z,Not applicable,AA,Amplitude adjusted,IX,Index,_Z,Not applicable,H,OECD harmonised,2006-12,,100.4418,,A,Normal value,0,Units,2,Two,,
DATAFLOW,OECD.SDD.STES:DSD_STES@DF_CLI(4.1),Composite leading indicators,I,IDN,Indonesia,M,Monthly,LI,Composite leading indicator (CLI),IX,Index,_Z,Not applicable,AA,Amplitude adjusted,IX,Index,_Z,Not applicable,H,OECD harmonised,2006-11,,100.1633,,A,Normal value,0,Units,2,Two,,
DATAFLOW,OECD.SDD.STES:DSD_STES@DF_CLI(4.1),Composite leading indicators,I,IDN,Indonesia,M,Monthly,LI,Composite leading indicator (CLI),IX,Index,_Z,Not applicable,AA,Amplitude adjusted,IX,Index,_Z,Not applicable,H,OECD harmonised,2006-10,,99.80614,,A,Normal value,0,Units,2,Two,,
DATAFLOW,OECD.SDD.STES:DSD_STES@DF_CLI(4.1),Composite leading indicators,I,IDN,Indonesia,M,Monthly,LI,Composite leading indicator (CLI),IX,Index,_Z,Not applicable,AA,Amplitude adjusted,IX,Index,_Z,Not applicable,H,OECD harmonised,2006-09,,99.44392,,A,Normal value,0,Units,2,Two,,
DATAFLOW,OECD.SDD.STES:DSD_STES@DF_CLI(4.1),Composite leading indicators,I,IDN,Indonesia,M,Monthly,LI,Composite leading indicator (CLI),IX,Index,_Z,Not applicable,AA,Amplitude adjusted,IX,Index,_Z,Not applicable,H,OECD harmonised,2006-08,,99.125,,A,Normal value,0,Units,2,Two,,
DATAFLOW,OECD.SDD.STES:DSD_STES@DF_CLI(4.1),Composite leading indicators,I,IDN,Indonesia,M,Monthly,LI,Composite leading indicator (CLI),IX,Index,_Z,Not applicable,AA,Amplitude adjusted,IX,Index,_Z,Not applicable,H,OECD harmonised,2006-07,,98.88143,,A,Normal value,0,Units,2,Two,,
DATAFLOW,OECD.SDD.STES:DSD_STES@DF_CLI(4.1),Composite leading indicators,I,IDN,Indonesia,M,Monthly,LI,Composite leading indicator (CLI),IX,Index,_Z,Not applicable,AA,Amplitude adjusted,IX,Index,_Z,Not applicable,H,OECD harmonised,2006-06,,98.71476,,A,Normal value,0,Units,2,Two,,
DATAFLOW,OECD.SDD.STES:DSD_STES@DF_CLI(4.1),Composite leading indicators,I,IDN,Indonesia,M,Monthly,LI,Composite leading indicator (CLI),IX,Index,_Z,Not applicable,AA,Amplitude adjusted,IX,Index,_Z,Not applicable,H,OECD harmonised,2006-05,,98.60896,,A,Normal value,0,Units,2,Two,,
DATAFLOW,OECD.SDD.STES:DSD_STES@DF_CLI(4.1),Composite leading indicators,I,IDN,Indonesia,M,Monthly,LI,Composite leading indicator (CLI),IX,Index,_Z,Not applicable,AA,Amplitude adjusted,IX,Index,_Z,Not applicable,H,OECD harmonised,2006-04,,98.52666,,A,Normal value,0,Units,2,Two,,
DATAFLOW,OECD.SDD.STES:DSD_STES@DF_CLI(4.1),Composite leading indicators,I,IDN,Indonesia,M,Monthly,LI,Composite leading indicator (CLI),IX,Index,_Z,Not applicable,AA,Amplitude adjusted,IX,Index,_Z,Not applicable,H,OECD harmonised,1997-11,,101.7416,,A,Normal value,0,Units,2,Two,,
DATAFLOW,OECD.SDD.STES:DSD_STES@DF_CLI(4.1),Composite leading indicators,I,IDN,Indonesia,M,Monthly,LI,Composite leading indicator (CLI),IX,Index,_Z,Not applicable,AA,Amplitude adjusted,IX,Index,_Z,Not applicable,H,OECD harmonised,1997-10,,103.1898,,A,Normal value,0,Units,2,Two,,
DATAFLOW,OECD.SDD.STES:DSD_STES@DF_CLI(4.1),Composite leading indicators,I,IDN,Indonesia,M,Monthly,LI,Composite leading indicator (CLI),IX,Index,_Z,Not applicable,AA,Amplitude adjusted,IX,Index,_Z,Not applicable,H,OECD harmonised,1997-09,,104.5505,,A,Normal value,0,Units,2,Two,,
DATAFLOW,OECD.SDD.STES:DSD_STES@DF_CLI(4.1),Composite leading indicators,I,IDN,Indonesia,M,Monthly,LI,Composite leading indicator (CLI),IX,Index,_Z,Not applicable,AA,Amplitude adjusted,IX,Index,_Z,Not applicable,H,OECD harmonised,1997-08,,105.8028,,A,Normal value,0,Units,2,Two,,
DATAFLOW,OECD.SDD.STES:DSD_STES@DF_CLI(4.1),Composite leading indicators,I,IDN,Indonesia,M,Monthly,LI,Composite leading indicator (CLI),IX,Index,_Z,Not applicable,AA,Amplitude adjusted,IX,Index,_Z,Not applicable,H,OECD harmonised,1997-07,,106.8806,,A,Normal value,0,Units,2,Two,,
DATAFLOW,OECD.SDD.STES:DSD_STES@DF_CLI(4.1),Composite leading indicators,I,IDN,Indonesia,M,Monthly,LI,Composite leading indicator (CLI),IX,Index,_Z,Not applicable,AA,Amplitude adjusted,IX,Index,_Z,Not applicable,H,OECD harmonised,1997-06,,107.6902,,A,Normal value,0,Units,2,Two,,
DATAFLOW,OECD.SDD.STES:DSD_STES@DF_CLI(4.1),Composite leading indicators,I,IDN,Indonesia,M,Monthly,LI,Composite leading indicator (CLI),IX,Index,_Z,Not applicable,AA,Amplitude adjusted,IX,Index,_Z,Not applicable,H,OECD harmonised,1997-05,,108.1719,,A,Normal value,0,Units,2,Two,,
DATAFLOW,OECD.SDD.STES:DSD_STES@DF_CLI(4.1),Composite leading indicators,I,IDN,Indonesia,M,Monthly,LI,Composite leading indicator (CLI),IX,Index,_Z,Not applicable,AA,Amplitude adjusted,IX,Index,_Z,Not applicable,H,OECD harmonised,2008-12,,96.63101,,A,Normal value,0,Units,2,Two,,
DATAFLOW,OECD.SDD.STES:DSD_STES@DF_CLI(4.1),Composite leading indicators,I,IDN,Indonesia,M,Monthly,LI,Composite leading indicator (CLI),IX,Index,_Z,Not applicable,AA,Amplitude adjusted,IX,Index,_Z,Not applicable,H,OECD harmonised,2008-11,,96.46437,,A,Normal value,0,Units,2,Two,,
DATAFLOW,OECD.SDD.STES:DSD_STES@DF_CLI(4.1),Composite leading indicators,I,IDN,Indonesia,M,Monthly,LI,Composite leading indicator (CLI),IX,Index,_Z,Not applicable,AA,Amplitude adjusted,IX,Index,_Z,Not applicable,H,OECD harmonised,2008-10,,96.42978,,A,Normal value,0,Units,2,Two,,
DATAFLOW,OECD.SDD.STES:DSD_STES@DF_CLI(4.1),Composite leading indicators,I,IDN,Indonesia,M,Monthly,LI,Composite leading indicator (CLI),IX,Index,_Z,Not applicable,AA,Amplitude adjusted,IX,Index,_Z,Not applicable,H,OECD harmonised,2008-09,,96.55627,,A,Normal value,0,Units,2,Two,,
